Acquisition Time [days]	Negative Width ["s"]	Fall Time ["s"]	Rise Time ["s"]	Peak-to-Peak ["V"]	Acquisition Time [days]	Negative Width ["s"]	Fall Time ["s"]	Rise Time ["s"]	Peak-to-Peak ["V"]
2460957.639525462873	2.18E-8	4.7E-9	2.41E-8	1.6599999666E0	2460957.639525462873	1.63E-8	8.9E-9	2.07E-8	1.9199999571E0
2460957.639571759384	2.11E-8	7.1E-9	2.13E-8	3.2599999905E0	2460957.639571759384	1.62E-8	7.9E-9	2.37E-8	2.2599999905E0
2460957.639675925951	1.4E-8	1.04E-8	2.39E-8	2.7199997902E0	2460957.639675925951	1.86E-8	5.1E-9	2.41E-8	2.2199997902E0
2460957.639780092519	1.76E-8	7.4E-9	1.61E-8	1.5999999046E0	2460957.639780092519	1.76E-8	6.9E-9	1.71E-8	1.7799998522E0
2460957.639826389030	1.9E-8	8.0E-9	1.46E-8	2.2400000095E0	2460957.639826389030	1.63E-8	5.3E-9	1.33E-8	1.5199999809E0
2460957.639918981586	1.84E-8	8.2E-9	2.01E-8	3.4800000191E0	2460957.639918981586	1.86E-8	8.6E-9	2.02E-8	3.4199998379E0
2460957.640312499832	1.95E-8	8.3E-9	3.27E-8	1.5599999428E0	2460957.640312499832	2.26E-8	8.9E-9	2.15E-8	1.0799999237E0
2460957.640509259421	1.77E-8	1.1E-8	2.03E-8	1.939999938E0	2460957.640509259421	1.96E-8	9.4E-9	2.57E-8	2.0599999428E0
2460957.640613425989	1.63E-8	7.7E-9	2.22E-8	2.2999999523E0	2460957.640613425989	1.99E-8	5.6E-9	1.98E-8	1.7599999905E0
2460957.640706018545	2.04E-8	6.8E-9	1.73E-8	2.6199998856E0	2460957.640706018545	1.77E-8	8.3E-9	2.52E-8	2.9799997807E0
2460957.640763889067	1.53E-8	8.5E-9	2.63E-8	2.5E0	2460957.640763889067	1.72E-8	6.5E-9	2.07E-8	2.2799999714E0
2460957.640810185112	1.94E-8	1.07E-8	2.19E-8	2.4599997997E0	2460957.640810185112	1.57E-8	1.11E-8	1.87E-8	2.3599998951E0
2460957.640856481623	1.7E-8	1.09E-8	1.79E-8	2.1199998856E0	2460957.640856481623	1.59E-8	1.12E-8	2.3E-8	1.6399999857E0
2460957.640914351679	1.21E-8	9.5E-9	2.54E-8	2.0399999619E0	2460957.640914351679	9.7E-9	1.13E-8	1.75E-8	1.4400000572E0
2460957.641053240746	1.71E-8	7.1E-9	2.6E-8	1.7199999094E0	2460957.641053240746	9.6E-9	8.1E-9	2.34E-8	1.6200000048E0
2460957.641203703824	1.9E-8	6.9E-9	1.75E-8	3.1999998093E0	2460957.641203703824	1.8E-8	1.01E-8	1.81E-8	3.0399999619E0
2460957.641400462948	1.78E-8	5.5E-9	2.13E-8	2.4199998379E0	2460957.641400462948	1.72E-8	6.9E-9	1.96E-8	2.2199997902E0
2460957.641446759459	1.92E-8	9.9E-9	1.75E-8	1.7399998903E0	2460957.641446759459	1.37E-8	1.41E-8	1.83E-8	1.4600000381E0
2460957.641504629515	1.76E-8	6.9E-9	2.65E-8	1.9599999189E0	2460957.641504629515	1.38E-8	8.0E-9	2.02E-8	1.5399999619E0
2460957.641597222071	1.88E-8	6.6E-9	2.06E-8	1.6199998856E0	2460957.641597222071	1.76E-8	7.0E-9	1.59E-8	2.1999998093E0
2460957.641793981660	2.34E-8	5.2E-9	2.09E-8	1.2399998903E0	2460957.641793981660	1.82E-8	9.7E-9	2.15E-8	2.0399999619E0
2460957.641898148227	1.81E-8	9.0E-9	2.03E-8	2.1599998474E0	2460957.641898148227	1.19E-8	1.05E-8	2.55E-8	1.1799999475E0
2460957.642002314795	1.53E-8	7.3E-9	1.62E-8	1.3599998951E0	2460957.642002314795	1.86E-8	8.9E-9	2.01E-8	1.3599998951E0
2460957.642048611306	1.6E-8	5.0E-9	2.16E-8	1.6399999857E0	2460957.642048611306	1.66E-8	1.02E-8	1.87E-8	1.3999998569E0
2460957.642141203862	1.43E-8	1.05E-8	2.17E-8	2.6199998856E0	2460957.642141203862	1.56E-8	9.3E-9	2.41E-8	1.7199999094E0
2460957.642199073918	1.99E-8	4.0E-9	1.16E-8	1.5399999619E0	2460957.642199073918	1.4E-8	6.8E-9	1.75E-8	1.7199999094E0
2460957.642245370429	1.75E-8	6.8E-9	1.77E-8	3.1199998856E0	2460957.642245370429	1.82E-8	7.1E-9	1.91E-8	2.3199999332E0
2460957.642291666474	1.85E-8	9.2E-9	2.21E-8	1.4599999189E0	2460957.642291666474	1.76E-8	1.24E-8	2.04E-8	1.6799999475E0
2460957.642337962985	1.81E-8	7.8E-9	1.72E-8	1.8399999142E0	2460957.642337962985	1.62E-8	1.22E-8	2.12E-8	1.5799999237E0
2460957.642488426063	1.73E-8	6.4E-9	2.04E-8	1.5999999046E0	2460957.642488426063	1.63E-8	1.47E-8	1.51E-8	1.1999999285E0
2460957.642546296120	1.77E-8	8.6E-9	2.17E-8	2.3999998569E0	2460957.642546296120	1.43E-8	1.12E-8	1.89E-8	1.6799999475E0
2460957.642592592631	1.87E-8	7.9E-9	2.52E-8	1.9199999571E0	2460957.642592592631	2.02E-8	6.1E-9	2.1E-8	1.4999998808E0
2460957.642696759198	1.72E-8	7.6E-9	2.35E-8	1.5399999619E0	2460957.642696759198	1.59E-8	4.8E-9	2.44E-8	1.6799999475E0
2460957.642743055709	1.37E-8	8.2E-9	2.58E-8	1.879999876E0	2460957.642743055709	1.67E-8	5.0E-9	2.78E-8	1.5E0
2460957.642835648265	1.94E-8	7.8E-9	1.97E-8	1.4799998999E0	2460957.642835648265	1.67E-8	1.23E-8	1.68E-8	1.3599998951E0
2460957.643090277910	1.47E-8	1.11E-8	2.0E-8	1.6999999285E0	2460957.643090277910	1.73E-8	8.4E-9	2.6E-8	1.1799999475E0
2460957.643275463022	1.76E-8	1.25E-8	1.87E-8	2.7199997902E0	2460957.643275463022	1.5E-8	1.21E-8	1.67E-8	2.0399999619E0
2460957.643472222146	1.52E-8	4.5E-9	2.23E-8	1.7199999094E0	2460957.643472222146	1.84E-8	7.1E-9	1.61E-8	1.6199998856E0
2460957.643530092668	1.94E-8	1.17E-8	1.8E-8	2.0799999237E0	2460957.643530092668	1.75E-8	8.6E-9	2.18E-8	2.379999876E0
2460957.643622685224	2.0E-8	8.9E-9	2.15E-8	2.0599999428E0	2460957.643622685224	1.71E-8	7.2E-9	1.61E-8	2.4399998188E0
2460957.643877314869	1.92E-8	6.8E-9	2.15E-8	2.6999998093E0	2460957.643877314869	1.6E-8	8.5E-9	2.65E-8	2.2799999714E0
2460957.643969907425	1.47E-8	1.04E-8	1.32E-8	1.6599999666E0	2460957.643969907425	1.48E-8	6.5E-9	2.15E-8	1.3199999332E0
2460957.644074073993	1.73E-8	7.7E-9	2.5E-8	2.0199999809E0	2460957.644074073993	1.4E-8	8.3E-9	1.79E-8	1.0399999619E0
2460957.644120370504	1.9E-8	1.13E-8	1.99E-8	1.939999938E0	2460957.644120370504	1.81E-8	6.2E-9	1.86E-8	2.3599998951E0
2460957.644166666549	1.89E-8	1.08E-8	2.15E-8	2.0399999619E0	2460957.644166666549	1.65E-8	1.05E-8	1.74E-8	1.7799998522E0
2460957.644270833116	1.56E-8	6.5E-9	1.67E-8	2.1399998665E0	2460957.644270833116	1.68E-8	9.0E-9	1.74E-8	1.879999876E0
2460957.644317129627	1.73E-8	1.03E-8	2.06E-8	2.3599998951E0	2460957.644317129627	1.61E-8	8.0E-9	1.97E-8	2.6799998283E0
2460957.644421296194	1.72E-8	3.3E-9	1.42E-8	3.0199999809E0	2460957.644421296194	2.4E-9	8.5E-9	2.2E-8	1.3199999332E0
2460957.644467592705	1.5E-8	8.9E-9	2.15E-8	2.0799999237E0	2460957.644467592705	2.06E-8	1.1E-8	1.75E-8	1.0399999619E0
2460957.644618055783	1.66E-8	8.4E-9	2.53E-8	1.9199999571E0	2460957.644618055783	1.79E-8	7.2E-9	2.71E-8	1.0999999046E0
2460957.644722222351	1.89E-8	1.15E-8	1.71E-8	2.5999999046E0	2460957.644722222351	1.93E-8	7.1E-9	1.97E-8	1.6999999285E0
2460957.644814814907	1.96E-8	7.8E-9	2.22E-8	3.5799999237E0	2460957.644814814907	1.7E-8	7.1E-9	2.39E-8	2.8399999142E0
2460957.644918981474	2.16E-8	6.8E-9	2.26E-8	2.5999999046E0	2460957.644918981474	1.9E-8	1.0E-8	1.71E-8	1.5599999428E0
2460957.645011574030	1.91E-8	9.2E-9	2.18E-8	3.0999999046E0	2460957.645011574030	1.96E-8	1.0E-8	1.71E-8	3.879999876E0
2460957.645069444552	1.64E-8	6.8E-9	2.38E-8	1.7199999094E0	2460957.645069444552	1.57E-8	7.4E-9	2.11E-8	1.3999998569E0
2460957.645115740597	1.98E-8	7.1E-9	2.42E-8	3.5599999428E0	2460957.645115740597	1.76E-8	6.0E-9	2.28E-8	3.6399998665E0
2460957.645162037108	1.91E-8	7.4E-9	2.68E-8	3.0199999809E0	2460957.645162037108	1.79E-8	9.4E-9	2.42E-8	1.7599998713E0
2460957.645219907630	1.73E-8	1.19E-8	1.95E-8	1.1199998856E0	2460957.645219907630	1.45E-8	1.03E-8	2.76E-8	1.3000000715E0
2460957.645266203675	1.6E-8	1.03E-8	2.25E-8	1.6599999666E0	2460957.645266203675	1.44E-8	6.1E-9	2.23E-8	1.2399998903E0
2460957.645312500186	1.88E-8	1.33E-8	1.95E-8	2.3999998569E0	2460957.645312500186	1.93E-8	9.8E-9	1.99E-8	1.9400000572E0
2460957.645370370243	1.57E-8	1.06E-8	2.13E-8	1.7399998903E0	2460957.645370370243	1.79E-8	1.03E-8	1.97E-8	1.8200000525E0
2460957.645416666754	1.69E-8	7.4E-9	2.25E-8	2.879999876E0	2460957.645416666754	1.62E-8	6.1E-9	2.16E-8	1.8399999142E0
2460957.645462962799	1.45E-8	4.9E-9	1.73E-8	1.939999938E0	2460957.645462962799	1.46E-8	9.0E-9	2.11E-8	2.0599999428E0
2460957.645520833321	1.86E-8	1.02E-8	1.69E-8	2.1399998665E0	2460957.645520833321	1.75E-8	9.8E-9	1.79E-8	1.5799999237E0
2460957.645567129832	2.24E-8	9.0E-9	2.47E-8	1.6599999666E0	2460957.645567129832	1.63E-8	9.5E-9	1.46E-8	2.3599998951E0
2460957.645624999888	1.55E-8	1.08E-8	2.13E-8	3.8999998569E0	2460957.645624999888	1.9E-8	7.4E-9	1.74E-8	3.0799999237E0
2460957.645775462966	1.7E-8	6.0E-9	1.6E-8	1.8999999762E0	2460957.645775462966	1.59E-8	9.7E-9	2.08E-8	3.5599999428E0
2460957.645972222090	1.66E-8	6.5E-9	2.08E-8	2.3399999142E0	2460957.645972222090	1.86E-8	1.19E-8	1.56E-8	2.0999999046E0
2460957.646018518601	1.45E-8	6.6E-9	2.27E-8	2.5E0	2460957.646018518601	1.97E-8	9.6E-9	2.3E-8	2.7399997711E0
2460957.646168981679	2.08E-8	6.8E-9	2.44E-8	2.1599998474E0	2460957.646168981679	1.92E-8	1.08E-8	1.71E-8	3.8399999142E0
2460957.646215277724	1.94E-8	9.3E-9	1.93E-8	3.9399998188E0	2460957.646215277724	1.67E-8	7.8E-9	2.03E-8	3.0599999428E0
2460957.646319444291	1.9E-8	7.3E-9	2.2E-8	1.5599999428E0	2460957.646319444291	1.43E-8	9.1E-9	1.53E-8	1.2199999094E0
2460957.646458333358	1.66E-8	6.8E-9	2.16E-8	1.9999998808E0	2460957.646458333358	1.59E-8	7.1E-9	1.72E-8	1.5199998617E0
2460957.646712963004	1.76E-8	6.6E-9	2.21E-8	2.2799999714E0	2460957.646712963004	1.9E-8	9.9E-9	2.15E-8	3.7999999523E0
2460957.646863426082	1.64E-8	1.29E-8	2.42E-8	2.2999999523E0	2460957.646863426082	1.64E-8	7.0E-9	1.53E-8	2.1199998856E0
2460957.647152777761	2.06E-8	6.1E-9	1.95E-8	1.4799998999E0	2460957.647152777761	1.28E-8	9.8E-9	1.57E-8	1.7599998713E0
2460957.647303240839	1.58E-8	1.1E-8	2.22E-8	2.0799999237E0	2460957.647303240839	1.28E-8	8.3E-9	1.82E-8	1.6799999475E0
2460957.647407407407	1.98E-8	8.0E-9	2.21E-8	3.3199999332E0	2460957.647407407407	1.99E-8	8.5E-9	1.86E-8	2.2799999714E0
2460957.647453703918	1.35E-8	6.2E-9	2.06E-8	2.4199998379E0	2460957.647453703918	1.59E-8	6.4E-9	1.93E-8	1.8599998951E0
2460957.647499999963	1.6E-8	1.02E-8	1.83E-8	3.2599999905E0	2460957.647499999963	1.5E-8	7.7E-9	1.39E-8	2.4799997807E0
2460957.647604166530	1.79E-8	1.14E-8	2.01E-8	2.4399998188E0	2460957.647604166530	1.72E-8	9.6E-9	2.31E-8	1.939999938E0
2460957.647696759086	1.79E-8	9.4E-9	1.71E-8	1.1999999285E0	2460957.647696759086	1.92E-8	8.5E-9	1.71E-8	2.0399999619E0
2460957.647847222164	1.45E-8	1.35E-8	1.26E-8	2.0999999046E0	2460957.647847222164	1.6E-8	7.5E-9	1.25E-8	3.9599997997E0
2460957.647893518675	1.99E-8	5.8E-9	1.69E-8	2.4199998379E0	2460957.647893518675	1.64E-8	9.0E-9	2.5E-8	1.8199999332E0
2460957.647997685242	1.94E-8	1.56E-8	2.18E-8	1.7999999523E0	2460957.647997685242	1.92E-8	8.9E-9	2.48E-8	1.4599999189E0
2460957.648043981288	1.66E-8	7.2E-9	2.58E-8	2.0999999046E0	2460957.648043981288	1.4E-8	8.5E-9	2.53E-8	1.9599999189E0
2460957.648240740877	1.77E-8	7.2E-9	2.65E-8	3.1399998665E0	2460957.648240740877	1.67E-8	7.4E-9	2.13E-8	1.8200000525E0
2460957.648298610933	1.94E-8	9.7E-9	2.07E-8	1.5999999046E0	2460957.648298610933	1.5E-8	4.3E-9	1.81E-8	1.3999998569E0
2460957.648391203489	2.32E-8	1.28E-8	2.05E-8	1.6799999475E0	2460957.648391203489	1.87E-8	6.9E-9	1.19E-8	1.0399999619E0
2460957.648449074011	2.1E-8	5.3E-9	2.57E-8	1.9199999571E0	2460957.648449074011	1.36E-8	1.01E-8	2.31E-8	2.8399999142E0
2460957.648587963078	1.89E-8	8.4E-9	2.72E-8	1.7199999094E0	2460957.648587963078	1.71E-8	1.28E-8	2.08E-8	1.2999999523E0
2460957.648645833135	1.3E-8	6.8E-9	2.29E-8	2.2999999523E0	2460957.648645833135	1.65E-8	1.28E-8	1.77E-8	1.2199999094E0
2460957.648888888769	1.9E-8	6.1E-9	2.16E-8	2.1799998283E0	2460957.648888888769	1.36E-8	1.09E-8	1.71E-8	2.0399999619E0
2460957.648935185280	1.66E-8	1.1E-8	2.6E-8	2.5199999809E0	2460957.648935185280	1.54E-8	3.5E-9	2.39E-8	1.6800000668E0
2460957.649039351847	1.52E-8	6.8E-9	1.68E-8	2.2400000095E0	2460957.649039351847	1.87E-8	7.5E-9	1.74E-8	1.879999876E0
2460957.649189814925	1.92E-8	4.6E-9	2.27E-8	3.0199999809E0	2460957.649189814925	2.04E-8	7.2E-9	2.31E-8	2.5E0
2460957.649236110970	2.01E-8	6.4E-9	1.85E-8	2.7599999905E0	2460957.649236110970	1.7E-8	8.6E-9	1.73E-8	1.8200000525E0
2460957.649386574049	2.02E-8	7.4E-9	1.97E-8	2.6999998093E0	2460957.649386574049	2.8E-9	9.9E-9	1.66E-8	1.9199999571E0
2460957.649432870559	1.76E-8	9.4E-9	2.86E-8	1.7599998713E0	2460957.649432870559	1.52E-8	1.15E-8	1.54E-8	2.5399999619E0
2460957.649490740616	1.75E-8	5.8E-9	2.19E-8	1.9999998808E0	2460957.649490740616	1.91E-8	8.4E-9	2.26E-8	1.9199999571E0
2460957.649537037127	2.05E-8	1.16E-8	2.42E-8	1.879999876E0	2460957.649537037127	2.05E-8	1.16E-8	2.17E-8	1.3999998569E0
2460957.649641203694	1.42E-8	1.14E-8	1.3E-8	2.5199999809E0	2460957.649641203694	1.45E-8	1.17E-8	1.86E-8	3.0199999809E0
2460957.649687500205	2.04E-8	7.4E-9	2.76E-8	1.3599998951E0	2460957.649687500205	1.43E-8	8.0E-9	1.72E-8	1.3599998951E0
2460957.649780092761	1.75E-8	6.9E-9	1.67E-8	1.879999876E0	2460957.649780092761	1.45E-8	6.3E-9	1.26E-8	1.1599999666E0
2460957.649837962817	1.87E-8	7.3E-9	2.2E-8	2.0599999428E0	2460957.649837962817	1.71E-8	8.3E-9	1.66E-8	2.7399997711E0
2460957.649930555373	1.53E-8	1.01E-8	1.68E-8	1.5399999619E0	2460957.649930555373	1.21E-8	6.1E-9	1.86E-8	1.2599999905E0
2460957.650034722406	1.8E-8	1.15E-8	2.13E-8	1.7599998713E0	2460957.650034722406	1.61E-8	1.0E-8	2.07E-8	1.6999999285E0
2460957.650081018452	2.03E-8	1.1E-8	1.73E-8	1.439999938E0	2460957.650081018452	1.87E-8	1.08E-8	2.13E-8	1.7999999523E0
2460957.650127314962	1.79E-8	5.0E-9	2.4E-8	2.4199998379E0	2460957.650127314962	1.84E-8	8.2E-9	2.1E-8	1.8200000525E0
2460957.650231481530	1.67E-8	9.9E-9	2.02E-8	1.4199999571E0	2460957.650231481530	1.56E-8	8.0E-9	1.89E-8	1.2199999094E0
2460957.650428240653	1.96E-8	6.7E-9	1.84E-8	1.5199999809E0	2460957.650428240653	1.79E-8	8.4E-9	1.72E-8	1.4199999571E0
2460957.650578703731	1.75E-8	4.9E-9	2.69E-8	1.6399998665E0	2460957.650578703731	1.66E-8	8.7E-9	2.22E-8	1.8599998951E0
2460957.650682870299	1.72E-8	9.8E-9	1.55E-8	1.0399999619E0	2460957.650682870299	1.58E-8	9.1E-9	1.79E-8	1.9999998808E0
2460957.650729166809	1.91E-8	6.0E-9	2.01E-8	2.4399998188E0	2460957.650729166809	1.86E-8	7.0E-9	1.65E-8	1.5999999046E0
2460957.650879629422	1.72E-8	1.1E-8	2.13E-8	3.5799999237E0	2460957.650879629422	1.86E-8	5.9E-9	2.1E-8	2.6199998856E0
2460957.650925925933	1.94E-8	1.01E-8	2.12E-8	1.879999876E0	2460957.650925925933	1.5E-8	1.18E-8	2.97E-8	1.1599999666E0
2460957.650972222444	1.55E-8	8.4E-9	1.89E-8	1.2599999905E0	2460957.650972222444	1.43E-8	5.6E-9	1.95E-8	1.1999999285E0
2460957.651030092500	1.15E-8	8.3E-9	2.18E-8	1.8199999332E0	2460957.651030092500	1.87E-8	8.4E-9	2.56E-8	1.6799999475E0
2460957.651076389011	1.7E-8	1.21E-8	1.9E-8	2.4199998379E0	2460957.651076389011	1.97E-8	8.7E-9	1.99E-8	1.379999876E0
2460957.651122685056	2.18E-8	1.17E-8	1.39E-8	1.6199998856E0	2460957.651122685056	2.12E-8	8.4E-9	1.25E-8	1.1199998856E0
2460957.651226851624	2.03E-8	1.11E-8	1.89E-8	2.9399998188E0	2460957.651226851624	1.66E-8	1.04E-8	1.8E-8	2.4199998379E0
2460957.651377314702	1.77E-8	7.3E-9	1.99E-8	1.439999938E0	2460957.651377314702	4.7E-9	7.1E-9	2.21E-8	1.0199999809E0
2460957.651423611213	1.71E-8	8.7E-9	2.13E-8	1.5599999428E0	2460957.651423611213	1.44E-8	1.03E-8	1.77E-8	2.6799998283E0
2460957.651527777780	1.75E-8	1.13E-8	1.94E-8	1.9199999571E0	2460957.651527777780	1.7E-8	8.6E-9	2.15E-8	2.0399999619E0
2460957.651574074291	1.87E-8	8.8E-9	2.5E-8	2.3199999332E0	2460957.651574074291	1.85E-8	8.3E-9	1.69E-8	1.9600000381E0
2460957.651620370336	1.6E-8	6.6E-9	2.42E-8	1.4799998999E0	2460957.651620370336	1.63E-8	6.2E-9	2.73E-8	1.0199999809E0
2460957.651678240858	1.49E-8	8.6E-9	2.56E-8	2.3399999142E0	2460957.651678240858	1.6E-8	7.9E-9	2.21E-8	1.3199999332E0
2460957.651724536903	1.77E-8	8.0E-9	2.25E-8	3.1199998856E0	2460957.651724536903	1.49E-8	7.4E-9	2.5E-8	3.3599998951E0
2460957.651921296492	1.76E-8	9.2E-9	2.59E-8	2.9399998188E0	2460957.651921296492	1.58E-8	1.19E-8	1.66E-8	1.2999999523E0
2460957.652013889048	2.14E-8	8.1E-9	1.67E-8	2.1999998093E0	2460957.652013889048	1.42E-8	7.9E-9	2.25E-8	1.3199999332E0
2460957.652071759105	1.69E-8	6.4E-9	1.97E-8	2.6999998093E0	2460957.652071759105	2.08E-8	4.9E-9	2.33E-8	2.1799998283E0
2460957.652164351661	1.83E-8	1.04E-8	2.25E-8	2.2599999905E0	2460957.652164351661	1.24E-8	1.3E-8	1.96E-8	1.4600000381E0
2460957.652210648172	1.82E-8	7.5E-9	2.38E-8	2.6599998474E0	2460957.652210648172	1.85E-8	9.6E-9	1.97E-8	1.5800000429E0
2460957.652407407295	1.85E-8	1.04E-8	2.06E-8	2.3399999142E0	2460957.652407407295	1.91E-8	8.3E-9	1.65E-8	2.7599999905E0
2460957.652465277817	1.9E-8	6.6E-9	2.0E-8	2.6599998474E0	2460957.652465277817	1.34E-8	8.4E-9	2.8E-8	2.1799998283E0
2460957.652511573862	1.86E-8	6.5E-9	2.14E-8	2.0599999428E0	2460957.652511573862	1.85E-8	1.05E-8	1.94E-8	2.0599999428E0
2460957.652557870373	1.88E-8	1.1E-8	1.81E-8	4.0999999046E0	2460957.652557870373	1.82E-8	6.6E-9	2.22E-8	2.9599997997E0
2460957.652708333451	2.01E-8	5.2E-9	1.61E-8	1.7799999714E0	2460957.652708333451	1.52E-8	1.12E-8	1.46E-8	1.2199999094E0
2460957.652766203508	2.02E-8	1.11E-8	2.14E-8	1.6399999857E0	2460957.652766203508	2.6E-9	1.04E-8	2.79E-8	1.2999999523E0
2460957.652812500019	1.97E-8	8.2E-9	2.09E-8	3.5199999809E0	2460957.652812500019	1.89E-8	7.9E-9	3.04E-8	1.939999938E0
2460957.652858796529	2.04E-8	5.9E-9	2.11E-8	2.2599999905E0	2460957.652858796529	1.32E-8	1.04E-8	1.78E-8	2.1199998856E0
2460957.652962963097	1.3E-8	8.9E-9	2.78E-8	1.4799998999E0	2460957.652962963097	1.71E-8	1.1E-8	2.26E-8	1.2199999094E0
2460957.653113425709	2.19E-8	1.14E-8	2.16E-8	1.879999876E0	2460957.653113425709	1.71E-8	5.6E-9	2.22E-8	1.3199999332E0
2460957.653159722220	1.58E-8	5.2E-9	2.0E-8	1.8599998951E0	2460957.653159722220	2.21E-8	6.9E-9	2.02E-8	2.1799998283E0
2460957.653206018731	1.37E-8	1.26E-8	2.01E-8	2.1599998474E0	2460957.653206018731	1.49E-8	1.03E-8	2.13E-8	1.7999999523E0
2460957.653252314776	1.54E-8	7.3E-9	1.98E-8	3.0399999619E0	2460957.653252314776	1.74E-8	1.13E-8	1.77E-8	1.9199999571E0
2460957.653310185298	1.64E-8	7.6E-9	2.49E-8	1.7599998713E0	2460957.653310185298	1.76E-8	7.1E-9	1.75E-8	1.0199999809E0
2460957.653356481344	1.58E-8	1.21E-8	1.23E-8	1.939999938E0	2460957.653356481344	1.55E-8	8.8E-9	1.68E-8	1.3000000715E0
2460957.653449073900	1.69E-8	6.6E-9	2.31E-8	1.9599999189E0	2460957.653449073900	1.54E-8	5.9E-9	2.22E-8	1.7399998903E0
2460957.653599536978	1.75E-8	6.1E-9	1.93E-8	2.2999999523E0	2460957.653599536978	1.34E-8	1.1E-8	1.73E-8	2.8399999142E0
2460957.653645833489	1.55E-8	8.8E-9	2.39E-8	2.4600000381E0	2460957.653645833489	1.85E-8	1.09E-8	2.02E-8	1.6799999475E0
2460957.653750000056	1.76E-8	1.31E-8	1.9E-8	1.4799998999E0	2460957.653750000056	2.14E-8	1.04E-8	2.27E-8	2.1999998093E0
2460957.653796296101	1.95E-8	6.0E-9	2.31E-8	2.5599999428E0	2460957.653796296101	2.18E-8	4.5E-9	2.81E-8	1.4199999571E0
2460957.653854166623	1.87E-8	1.22E-8	1.99E-8	3.3999998569E0	2460957.653854166623	1.33E-8	1.02E-8	1.59E-8	1.3999998569E0
2460957.653900463134	1.57E-8	9.8E-9	2.76E-8	1.2399998903E0	2460957.653900463134	2.07E-8	7.7E-9	1.96E-8	1.1399998665E0
2460957.653946759179	1.78E-8	8.6E-9	1.98E-8	1.8999999762E0	2460957.653946759179	1.72E-8	7.3E-9	2.66E-8	1.7799999714E0
2460957.654097222257	1.8E-8	9.9E-9	2.51E-8	2.9199998379E0	2460957.654097222257	1.47E-8	7.6E-9	2.18E-8	3.4199998379E0
2460957.654247685336	1.48E-8	9.4E-9	1.6E-8	1.4599999189E0	2460957.654247685336	1.37E-8	6.8E-9	2.11E-8	1.7999999523E0
2460957.654340277892	1.91E-8	8.6E-9	2.23E-8	1.5999999046E0	2460957.654340277892	1.78E-8	7.4E-9	2.13E-8	1.2199999094E0
2460957.654398147948	1.73E-8	9.9E-9	1.98E-8	1.6399999857E0	2460957.654398147948	1.74E-8	5.7E-9	2.12E-8	2.5599999428E0
2460957.654444444459	1.87E-8	8.4E-9	2.22E-8	2.7400000095E0	2460957.654444444459	1.81E-8	8.0E-9	1.88E-8	2.1399998665E0
2460957.654490740970	1.2E-8	1.2E-8	2.07E-8	2.0399999619E0	2460957.654490740970	1.9E-8	6.6E-9	1.44E-8	1.6199998856E0
2460957.654594907537	1.92E-8	5.6E-9	2.26E-8	1.8199999332E0	2460957.654594907537	1.91E-8	1.11E-8	1.93E-8	1.6399998665E0
2460957.654641203582	1.94E-8	8.1E-9	2.14E-8	2.5599999428E0	2460957.654641203582	1.89E-8	6.4E-9	2.59E-8	2.3999998569E0
2460957.654733796138	1.93E-8	1.12E-8	1.52E-8	1.1999999285E0	2460957.654733796138	1.87E-8	8.7E-9	2.38E-8	1.7799998522E0
2460957.654791666660	1.85E-8	4.4E-9	1.39E-8	2.0999999046E0	2460957.654791666660	1.83E-8	8.3E-9	1.58E-8	1.0599999428E0
2460957.654837963171	1.85E-8	6.1E-9	1.7E-8	3.1399998665E0	2460957.654837963171	1.8E-8	1.06E-8	1.98E-8	1.7599998713E0
2460957.654884259216	1.61E-8	4.6E-9	2.49E-8	1.939999938E0	2460957.654884259216	1.34E-8	5.2E-9	2.51E-8	2.1599998474E0
2460957.654988425784	2.2E-8	5.8E-9	2.44E-8	1.379999876E0	2460957.654988425784	1.63E-8	6.8E-9	2.56E-8	2.1799998283E0
2460957.655034722295	1.78E-8	1.21E-8	1.77E-8	1.9599999189E0	2460957.655034722295	1.76E-8	9.7E-9	2.54E-8	3.8599998951E0
2460957.655081018340	1.66E-8	6.4E-9	1.9E-8	2.8399999142E0	2460957.655081018340	1.68E-8	8.9E-9	1.77E-8	1.9599999189E0
2460957.655138888862	1.54E-8	7.4E-9	2.16E-8	1.6799999475E0	2460957.655138888862	1.78E-8	7.2E-9	2.76E-8	1.1599999666E0
2460957.655231481418	2.09E-8	1.05E-8	2.64E-8	1.8599998951E0	2460957.655231481418	1.6E-8	6.4E-9	1.5E-8	1.7799998522E0
2460957.655289351940	1.7E-8	9.0E-9	2.35E-8	2.6799998283E0	2460957.655289351940	1.35E-8	7.5E-9	1.92E-8	1.1799999475E0
2460957.655381944496	1.85E-8	4.4E-9	1.8E-8	2.0199999809E0	2460957.655381944496	1.85E-8	8.4E-9	2.37E-8	2.4599997997E0
2460957.655532407574	1.91E-8	8.4E-9	2.27E-8	1.5799999237E0	2460957.655532407574	3.0E-9	7.5E-9	2.16E-8	1.5399999619E0
2460957.655578703620	1.85E-8	1.17E-8	2.21E-8	2.0999999046E0	2460957.655578703620	1.4E-8	7.5E-9	1.97E-8	2.1399998665E0
2460957.655625000130	1.51E-8	7.3E-9	2.06E-8	1.5199999809E0	2460957.655625000130	1.83E-8	7.6E-9	1.69E-8	1.6799999475E0
2460957.655682870187	1.65E-8	1.07E-8	1.98E-8	2.0199999809E0	2460957.655682870187	1.59E-8	1.45E-8	1.53E-8	1.4999998808E0
2460957.655775462743	1.69E-8	9.5E-9	1.85E-8	1.4999998808E0	2460957.655775462743	2.02E-8	9.1E-9	2.27E-8	1.5E0
2460957.655879629776	1.59E-8	5.7E-9	1.66E-8	2.5799999237E0	2460957.655879629776	1.59E-8	8.1E-9	1.73E-8	1.7599998713E0
2460957.655925925821	1.9E-8	1.34E-8	2.57E-8	3.2999999523E0	2460957.655925925821	1.98E-8	7.5E-9	1.9E-8	3.6399998665E0
2460957.656030092388	1.86E-8	8.0E-9	1.55E-8	3.2400000095E0	2460957.656030092388	1.86E-8	1.01E-8	1.73E-8	1.4999998808E0
2460957.656076388899	1.85E-8	7.9E-9	2.19E-8	1.6599999666E0	2460957.656076388899	1.44E-8	7.7E-9	2.79E-8	1.1199998856E0
2460957.656122685410	1.63E-8	1.09E-8	1.56E-8	2.3199999332E0	2460957.656122685410	1.62E-8	5.1E-9	1.71E-8	1.3199999332E0
2460957.656273148023	1.77E-8	1.19E-8	2.27E-8	2.2200000286E0	2460957.656273148023	1.69E-8	7.2E-9	2.22E-8	1.8999998569E0
2460957.656423611101	1.32E-8	7.8E-9	2.79E-8	1.4799998999E0	2460957.656423611101	1.61E-8	9.7E-9	1.9E-8	1.2599998713E0
2460957.656469907612	1.83E-8	7.5E-9	1.9E-8	3.2199997902E0	2460957.656469907612	1.35E-8	5.6E-9	2.23E-8	1.3200000525E0
2460957.656620370224	1.76E-8	9.8E-9	2.43E-8	1.7199999094E0	2460957.656620370224	1.96E-8	5.7E-9	2.25E-8	1.1999999285E0
2460957.656770833302	1.54E-8	5.8E-9	1.7E-8	1.7999999523E0	2460957.656770833302	1.48E-8	1.06E-8	1.99E-8	3.2999999523E0
2460957.656817129813	1.92E-8	8.1E-9	1.61E-8	2.7199997902E0	2460957.656817129813	1.61E-8	7.1E-9	2.64E-8	2.2799999714E0
2460957.656874999870	2.12E-8	6.8E-9	2.52E-8	3.6999998093E0	2460957.656874999870	1.9E-8	8.5E-9	1.93E-8	3.879999876E0
2460957.656967592426	1.57E-8	6.0E-9	1.61E-8	1.6199998856E0	2460957.656967592426	4.9E-9	6.8E-9	2.01E-8	1.2799999714E0
2460957.657025462948	8.1E-9	1.46E-8	2.08E-8	1.1799999475E0	2460957.657025462948	1.47E-8	8.2E-9	1.2E-8	1.0E0
2460957.657071759459	2.04E-8	1.49E-8	1.78E-8	1.3599998951E0	2460957.657071759459	1.82E-8	7.0E-9	2.58E-8	1.5599999428E0
2460957.657222222071	1.74E-8	6.3E-9	2.48E-8	3.3199999332E0	2460957.657222222071	1.71E-8	8.7E-9	2.1E-8	3.879999876E0
2460957.657268518582	1.86E-8	1.09E-8	2.07E-8	2.5799999237E0	2460957.657268518582	1.68E-8	1.16E-8	1.5E-8	2.0999999046E0
2460957.657314814627	1.84E-8	6.0E-9	2.66E-8	2.0799999237E0	2460957.657314814627	2.19E-8	1.01E-8	1.95E-8	1.3199999332E0
2460957.657372685149	1.51E-8	1.15E-8	2.7E-8	2.1199998856E0	2460957.657372685149	1.75E-8	4.2E-9	3.39E-8	1.4199999571E0
2460957.657418981660	1.45E-8	1.06E-8	2.17E-8	1.6999999285E0	2460957.657418981660	1.87E-8	5.9E-9	1.74E-8	1.0399999619E0
2460957.657569444273	1.56E-8	6.7E-9	1.9E-8	1.7999999523E0	2460957.657569444273	1.72E-8	1.23E-8	2.04E-8	1.9199999571E0
2460957.657662036829	1.63E-8	7.1E-9	2.06E-8	1.7799999714E0	2460957.657662036829	1.58E-8	7.0E-9	2.45E-8	2.5799999237E0
2460957.658009259030	1.76E-8	5.1E-9	2.23E-8	1.5599999428E0	2460957.658009259030	1.61E-8	8.5E-9	2.12E-8	1.6800000668E0
2460957.658148148097	1.91E-8	8.3E-9	2.16E-8	1.3399999142E0	2460957.658148148097	2.17E-8	6.0E-9	1.96E-8	1.0199999809E0
2460957.658206018619	1.76E-8	7.7E-9	2.04E-8	1.5599999428E0	2460957.658206018619	1.78E-8	8.0E-9	2.54E-8	2.0399999619E0
2460957.658252314664	1.75E-8	4.4E-9	2.73E-8	1.9599999189E0	2460957.658252314664	1.4E-8	6.9E-9	1.61E-8	1.4600000381E0
2460957.658356481697	1.69E-8	1.04E-8	2.14E-8	1.6599999666E0	2460957.658356481697	1.59E-8	1.04E-8	1.93E-8	2.879999876E0
2460957.658495370299	1.73E-8	9.4E-9	2.38E-8	2.6799998283E0	2460957.658495370299	2.06E-8	8.2E-9	2.32E-8	1.3599998951E0
2460957.658645833377	1.49E-8	1.13E-8	1.63E-8	2.4399998188E0	2460957.658645833377	1.66E-8	9.8E-9	2.56E-8	1.8200000525E0
2460957.658796296455	1.71E-8	9.2E-9	1.68E-8	2.1199998856E0	2460957.658796296455	1.97E-8	6.1E-9	1.37E-8	1.3599998951E0
2460957.658842592500	1.87E-8	6.7E-9	2.53E-8	1.3399999142E0	2460957.658842592500	1.65E-8	7.6E-9	2.2E-8	1.5399999619E0
2460957.658946759067	1.79E-8	6.1E-9	1.77E-8	1.5599999428E0	2460957.658946759067	1.74E-8	6.3E-9	2.13E-8	2.6799998283E0
2460957.658993055578	1.8E-8	9.5E-9	2.15E-8	1.9599999189E0	2460957.658993055578	1.73E-8	8.1E-9	2.43E-8	1.3599998951E0
2460957.659039351624	1.91E-8	8.1E-9	2.18E-8	1.8399999142E0	2460957.659039351624	1.52E-8	9.1E-9	1.49E-8	1.2799999714E0
2460957.659097222146	1.9E-8	8.9E-9	2.52E-8	2.2599999905E0	2460957.659097222146	1.72E-8	6.5E-9	3.3E-8	1.6599999666E0
2460957.659143518656	1.84E-8	8.0E-9	2.09E-8	1.6199998856E0	2460957.659143518656	1.46E-8	9.6E-9	2.49E-8	1.3400000334E0
2460957.659189814702	1.64E-8	5.6E-9	3.06E-8	1.879999876E0	2460957.659189814702	1.7E-8	1.03E-8	2.1E-8	2.2400000095E0
2460957.659247685224	1.87E-8	1.21E-8	2.01E-8	1.7399998903E0	2460957.659247685224	1.55E-8	7.6E-9	2.19E-8	1.7799998522E0
2460957.659293981269	1.67E-8	1.08E-8	1.68E-8	1.4599999189E0	2460957.659293981269	1.61E-8	6.1E-9	2.78E-8	1.5399999619E0
2460957.659340277780	1.66E-8	6.5E-9	1.61E-8	1.7799999714E0	2460957.659340277780	1.78E-8	8.4E-9	2.06E-8	2.2400000095E0
2460957.659444444347	1.4E-8	1.08E-8	1.53E-8	3.0199999809E0	2460957.659444444347	1.59E-8	1.1E-8	2.52E-8	2.3399999142E0
2460957.659594907425	1.66E-8	1.23E-8	1.36E-8	1.1999999285E0	2460957.659594907425	1.9E-8	5.9E-9	1.52E-8	1.8399999142E0
2460957.659687499981	1.6E-8	1.18E-8	2.13E-8	2.2200000286E0	2460957.659687499981	1.88E-8	7.4E-9	2.1E-8	1.3599998951E0
2460957.659791666549	1.81E-8	7.7E-9	2.0E-8	1.5199999809E0	2460957.659791666549	1.47E-8	1.06E-8	2.98E-8	1.2000000477E0
2460957.659837963060	2.29E-8	8.3E-9	2.35E-8	1.5799999237E0	2460957.659837963060	1.64E-8	9.8E-9	1.59E-8	1.3599998951E0
2460957.659884259105	1.64E-8	4.1E-9	2.2E-8	1.439999938E0	2460957.659884259105	1.44E-8	6.8E-9	1.66E-8	1.7200000286E0
2460957.659988426138	1.4E-8	7.2E-9	1.24E-8	1.7399998903E0	2460957.659988426138	1.9E-8	7.4E-9	2.3E-8	1.2799999714E0
2460957.660081018694	1.44E-8	4.5E-9	2.2E-8	1.8399999142E0	2460957.660081018694	1.35E-8	9.5E-9	1.74E-8	1.2199999094E0
2460957.660185185261	1.99E-8	6.2E-9	2.66E-8	1.4999998808E0	2460957.660185185261	1.33E-8	7.4E-9	2.18E-8	2.0399999619E0
2460957.660277777817	1.74E-8	1.0E-8	1.73E-8	1.5199999809E0	2460957.660277777817	9.3E-9	7.6E-9	1.83E-8	1.5800000429E0
2460957.660381944384	1.93E-8	6.3E-9	1.87E-8	2.2400000095E0	2460957.660381944384	1.74E-8	9.6E-9	2.6E-8	1.9800000191E0
2460957.660428240895	1.65E-8	9.4E-9	2.3E-8	3.0999999046E0	2460957.660428240895	1.88E-8	6.8E-9	2.14E-8	1.5599999428E0
2460957.660486110952	1.83E-8	7.8E-9	1.97E-8	1.7799999714E0	2460957.660486110952	1.83E-8	1.03E-8	1.04E-8	1.0399999619E0
2460957.660625000019	2.13E-8	6.7E-9	1.93E-8	1.5399999619E0	2460957.660625000019	1.63E-8	7.3E-9	1.47E-8	1.8199999332E0
2460957.660821759142	1.96E-8	6.2E-9	2.24E-8	2.2799999714E0	2460957.660821759142	1.53E-8	8.4E-9	2.12E-8	2.1399998665E0
2460957.660868055653	1.78E-8	8.2E-9	1.91E-8	1.439999938E0	2460957.660868055653	1.3E-8	1.36E-8	1.71E-8	1.6799999475E0
2460957.660972222220	1.52E-8	6.9E-9	2.16E-8	1.5599999428E0	2460957.660972222220	1.96E-8	1.07E-8	1.88E-8	1.0800000429E0
2460957.661018518731	1.6E-8	9.7E-9	2.07E-8	2.7400000095E0	2460957.661018518731	1.66E-8	8.1E-9	2.96E-8	2.5E0
2460957.661076388787	1.65E-8	8.0E-9	2.47E-8	2.4800000191E0	2460957.661076388787	1.51E-8	8.5E-9	1.56E-8	1.0E0
2460957.661122685298	1.91E-8	1.49E-8	1.32E-8	1.6999999285E0	2460957.661122685298	1.64E-8	8.0E-9	2.04E-8	1.5399999619E0
2460957.661215277854	2.04E-8	5.2E-9	1.85E-8	1.7599998713E0	2460957.661215277854	2.1E-8	1.04E-8	1.88E-8	2.0799999237E0
2460957.661319444422	1.56E-8	5.9E-9	1.72E-8	1.5799999237E0	2460957.661319444422	1.88E-8	7.6E-9	2.31E-8	1.6999999285E0
2460957.661423610989	1.87E-8	6.6E-9	2.09E-8	1.939999938E0	2460957.661423610989	1.88E-8	9.1E-9	2.41E-8	3.3399999142E0
2460957.661516203545	1.79E-8	7.4E-9	1.68E-8	2.0999999046E0	2460957.661516203545	2.07E-8	1.06E-8	1.84E-8	2.0199999809E0
2460957.661562500056	2.1E-8	6.6E-9	2.49E-8	2.2400000095E0	2460957.661562500056	1.46E-8	8.0E-9	2.14E-8	1.9999998808E0
2460957.661620370578	2.25E-8	7.0E-9	2.14E-8	2.2799999714E0	2460957.661620370578	1.36E-8	8.9E-9	1.69E-8	1.7599998713E0
2460957.661666666623	2.03E-8	1.08E-8	2.26E-8	1.9199999571E0	2460957.661666666623	1.35E-8	8.1E-9	2.06E-8	1.5399999619E0
2460957.661770833191	1.71E-8	9.3E-9	2.59E-8	1.5999999046E0	2460957.661770833191	1.63E-8	5.7E-9	1.83E-8	2.879999876E0
2460957.661967592780	1.74E-8	8.9E-9	1.81E-8	1.6799999475E0	2460957.661967592780	1.65E-8	7.6E-9	1.64E-8	1.6799999475E0
2460957.662060185336	1.73E-8	6.6E-9	2.43E-8	1.5399999619E0	2460957.662060185336	1.53E-8	5.8E-9	1.91E-8	1.6199998856E0
2460957.662106481381	1.85E-8	1.0E-8	2.7E-8	2.379999876E0	2460957.662106481381	1.51E-8	5.6E-9	2.05E-8	2.1599998474E0
2460957.662164351903	1.54E-8	6.6E-9	2.4E-8	1.6799999475E0	2460957.662164351903	1.43E-8	8.3E-9	1.96E-8	1.9199999571E0
2460957.662210647948	1.78E-8	9.3E-9	1.66E-8	2.6999998093E0	2460957.662210647948	1.17E-8	9.0E-9	1.91E-8	1.6799999475E0
2460957.662314814981	1.82E-8	1.38E-8	1.73E-8	2.0799999237E0	2460957.662314814981	1.78E-8	1.04E-8	1.74E-8	1.8599998951E0
2460957.662557870150	2.07E-8	6.9E-9	1.96E-8	1.3599998951E0	2460957.662557870150	1.88E-8	1.21E-8	2.02E-8	2.379999876E0
2460957.662604166660	1.83E-8	9.6E-9	2.02E-8	2.0999999046E0	2460957.662604166660	1.78E-8	6.5E-9	2.29E-8	1.8599998951E0
2460957.662708333228	1.62E-8	7.1E-9	2.23E-8	2.3199999332E0	2460957.662708333228	1.98E-8	9.0E-9	1.71E-8	1.2599999905E0
2460957.662858796306	2.03E-8	7.7E-9	2.0E-8	2.4399998188E0	2460957.662858796306	1.57E-8	8.7E-9	2.28E-8	1.4599999189E0
2460957.662951388862	1.92E-8	7.4E-9	1.95E-8	1.6399999857E0	2460957.662951388862	1.51E-8	7.1E-9	1.21E-8	1.4799998999E0
2460957.663009259384	2.02E-8	4.8E-9	1.66E-8	1.4799998999E0	2460957.663009259384	1.9E-8	1.02E-8	2.15E-8	3.1199998856E0
2460957.663101851940	1.8E-8	1.43E-8	2.58E-8	1.1399999857E0	2460957.663101851940	1.64E-8	8.7E-9	2.41E-8	1.8400000334E0
2460957.663148147985	2.0E-8	1.06E-8	2.14E-8	2.1199998856E0	2460957.663148147985	2.12E-8	6.8E-9	2.7E-8	1.7599998713E0
2460957.663206018507	1.84E-8	1.11E-8	2.36E-8	3.9799997807E0	2460957.663206018507	8.8E-9	1.01E-8	1.96E-8	1.0999999046E0
2460957.663298611064	1.74E-8	7.2E-9	2.8E-8	1.4599999189E0	2460957.663298611064	1.69E-8	7.1E-9	2.76E-8	1.3999999762E0
2460957.663402777631	1.63E-8	8.2E-9	2.3E-8	3.5799999237E0	2460957.663402777631	1.87E-8	8.2E-9	1.37E-8	3.2999999523E0
2460957.663495370187	1.99E-8	1.23E-8	2.15E-8	2.1599998474E0	2460957.663495370187	1.91E-8	1.11E-8	1.86E-8	1.2599998713E0
2460957.663553240709	1.81E-8	1.36E-8	2.11E-8	1.8399999142E0	2460957.663553240709	1.49E-8	7.9E-9	2.25E-8	1.5799999237E0
2460957.663749999832	1.86E-8	1.14E-8	2.61E-8	2.0999999046E0	2460957.663749999832	1.54E-8	1.09E-8	2.25E-8	1.8600000143E0
2460957.663796296343	1.9E-8	1.05E-8	2.54E-8	2.5999999046E0	2460957.663796296343	1.77E-8	8.2E-9	1.87E-8	2.6999998093E0
2460957.663888888899	1.41E-8	7.2E-9	1.83E-8	1.4199999571E0	2460957.663888888899	1.81E-8	7.0E-9	2.75E-8	1.7399998903E0
2460957.663993055467	1.4E-8	6.3E-9	2.56E-8	1.5999999046E0	2460957.663993055467	1.43E-8	1.05E-8	2.38E-8	1.1399998665E0
2460957.664039351977	2.03E-8	4.1E-9	1.57E-8	1.439999938E0	2460957.664039351977	1.58E-8	7.0E-9	2.64E-8	1.1599999666E0
2460957.664189814590	1.62E-8	6.4E-9	2.89E-8	1.5199999809E0	2460957.664189814590	1.59E-8	6.6E-9	1.28E-8	1.5399999619E0
2460957.664537037257	1.9E-8	1.13E-8	2.21E-8	3.9199998379E0	2460957.664537037257	1.46E-8	6.9E-9	2.46E-8	2.0599999428E0
2460957.664583333302	1.91E-8	1.01E-8	2.56E-8	3.2999999523E0	2460957.664583333302	1.81E-8	8.2E-9	1.81E-8	3.5199999809E0
2460957.664641203824	1.66E-8	6.3E-9	2.09E-8	1.8999999762E0	2460957.664641203824	1.57E-8	6.3E-9	1.19E-8	1.4800000191E0
2460957.664687499870	1.75E-8	5.5E-9	1.86E-8	1.4199999571E0	2460957.664687499870	2.14E-8	4.2E-9	1.81E-8	1.3799999952E0
2460957.664733796380	1.83E-8	9.6E-9	2.23E-8	2.7599999905E0	2460957.664733796380	1.26E-8	1.21E-8	2.09E-8	1.7199999094E0
2460957.664780092426	2.11E-8	8.5E-9	2.76E-8	1.4599999189E0	2460957.664780092426	1.66E-8	1.16E-8	2.14E-8	1.4199999571E0
2460957.664884259459	1.85E-8	8.5E-9	2.02E-8	2.0999999046E0	2460957.664884259459	1.48E-8	9.0E-9	1.76E-8	1.5799999237E0
2460957.664930555504	1.54E-8	6.9E-9	2.2E-8	2.9399998188E0	2460957.664930555504	1.62E-8	8.8E-9	1.65E-8	3.4999997616E0
2460957.665081018582	2.24E-8	1.11E-8	1.7E-8	1.7599998713E0	2460957.665081018582	1.62E-8	7.8E-9	2.25E-8	1.4400000572E0
2460957.665173611138	2.44E-8	4.0E-9	1.79E-8	1.3999999762E0	2460957.665173611138	1.44E-8	9.5E-9	1.42E-8	1.3199999332E0
2460957.665243055671	1.61E-8	1.1E-8	2.19E-8	1.5199999809E0	2460957.665243055671	1.6E-8	1.06E-8	1.83E-8	1.5799999237E0
2460957.665347222239	1.86E-8	8.4E-9	2.07E-8	1.0199999809E0	2460957.665347222239	1.81E-8	5.3E-9	1.82E-8	2.6599998474E0
2460957.665497685317	1.69E-8	1.01E-8	2.22E-8	1.9999998808E0	2460957.665497685317	1.63E-8	8.0E-9	2.73E-8	1.3399999142E0
2460957.665787036996	1.78E-8	7.7E-9	1.88E-8	2.3599998951E0	2460957.665787036996	1.44E-8	7.9E-9	2.39E-8	2.2400000095E0
2460957.665891203564	1.77E-8	6.8E-9	2.84E-8	3.5399999619E0	2460957.665891203564	1.54E-8	9.0E-9	2.43E-8	1.8999999762E0
2460957.665983796120	1.8E-8	8.6E-9	2.09E-8	2.1199998856E0	2460957.665983796120	1.05E-8	9.1E-9	2.36E-8	2.2199997902E0
2460957.666226851754	1.68E-8	9.5E-9	2.06E-8	3.3199999332E0	2460957.666226851754	1.7E-8	8.0E-9	1.57E-8	2.5E0
2460957.666284722276	1.97E-8	1.13E-8	2.11E-8	1.8399999142E0	2460957.666284722276	1.77E-8	9.3E-9	1.85E-8	1.2999999523E0
2460957.666331018321	1.51E-8	8.7E-9	2.24E-8	2.2200000286E0	2460957.666331018321	1.24E-8	9.1E-9	1.77E-8	1.9799998999E0
2460957.666435185354	1.62E-8	7.8E-9	2.14E-8	1.8799999952E0	2460957.666435185354	1.64E-8	8.4E-9	2.04E-8	1.6999999285E0
2460957.666481481399	1.39E-8	9.5E-9	2.6E-8	1.5999999046E0	2460957.666481481399	2.09E-8	1.07E-8	2.19E-8	1.0799999237E0
2460957.666527777910	1.47E-8	9.1E-9	2.13E-8	1.6399999857E0	2460957.666527777910	1.98E-8	7.7E-9	2.3E-8	1.3199999332E0
2460957.666585647967	1.7E-8	1.21E-8	1.43E-8	1.6999999285E0	2460957.666585647967	1.55E-8	9.9E-9	2.24E-8	1.4799998999E0
2460957.666678240523	1.89E-8	1.32E-8	1.71E-8	1.4599999189E0	2460957.666678240523	2.8E-9	9.8E-9	2.1E-8	1.5199998617E0
2460957.666782407556	2.09E-8	1.04E-8	2.13E-8	4.0399999619E0	2460957.666782407556	1.96E-8	8.7E-9	1.7E-8	3.7799999714E0
2460957.666875000112	1.7E-8	7.8E-9	2.6E-8	2.4800000191E0	2460957.666875000112	2.14E-8	5.0E-9	2.36E-8	1.3999998569E0
2460957.666921296157	1.76E-8	7.9E-9	1.89E-8	2.379999876E0	2460957.666921296157	1.46E-8	1.21E-8	1.6E-8	1.2599998713E0
2460957.667118055746	1.65E-8	1.08E-8	2.34E-8	3.3599998951E0	2460957.667118055746	1.64E-8	7.4E-9	2.21E-8	1.560000062E0
2460957.667175925802	2.06E-8	6.2E-9	2.42E-8	2.1999998093E0	2460957.667175925802	1.49E-8	1.13E-8	2.23E-8	1.4799998999E0
2460957.667268518358	1.55E-8	5.8E-9	2.79E-8	2.5199999809E0	2460957.667268518358	1.5E-8	1.2E-8	1.81E-8	1.6799999475E0
2460957.667372685391	1.9E-8	6.8E-9	2.55E-8	2.379999876E0	2460957.667372685391	1.87E-8	1.08E-8	1.7E-8	1.7399998903E0
2460957.667418981437	1.45E-8	7.8E-9	2.85E-8	2.5E0	2460957.667418981437	1.42E-8	5.3E-9	3.11E-8	1.6000000238E0
2460957.667511573993	1.66E-8	7.4E-9	1.93E-8	2.1199998856E0	2460957.667511573993	2.21E-8	7.3E-9	2.37E-8	1.4199999571E0
2460957.667569444515	1.89E-8	7.0E-9	1.7E-8	2.1199998856E0	2460957.667569444515	1.81E-8	6.8E-9	2.35E-8	2.6399998665E0
2460957.667662037071	1.53E-8	7.9E-9	1.81E-8	1.2999999523E0	2460957.667662037071	1.7E-8	8.8E-9	2.27E-8	3.3999998569E0
2460957.667719907593	2.07E-8	8.3E-9	2.71E-8	1.879999876E0	2460957.667719907593	1.86E-8	9.0E-9	2.01E-8	2.3399999142E0
2460957.667812500149	1.91E-8	7.4E-9	2.57E-8	2.2999999523E0	2460957.667812500149	1.73E-8	1.12E-8	1.83E-8	1.9999998808E0
2460957.667870370205	1.7E-8	9.8E-9	1.46E-8	2.0199999809E0	2460957.667870370205	1.67E-8	1.08E-8	1.22E-8	1.4199999571E0
2460957.668159722351	1.8E-8	5.2E-9	2.99E-8	2.2799999714E0	2460957.668159722351	1.5E-8	5.5E-9	2.48E-8	1.4799998999E0
2460957.668206018396	1.45E-8	1.16E-8	2.64E-8	1.7199999094E0	2460957.668206018396	1.56E-8	1.28E-8	2.18E-8	1.3199999332E0
2460957.668263888918	1.65E-8	7.6E-9	2.17E-8	1.9999998808E0	2460957.668263888918	1.78E-8	7.6E-9	2.14E-8	1.0399999619E0
2460957.668310184963	1.57E-8	9.7E-9	2.22E-8	2.8399999142E0	2460957.668310184963	1.66E-8	1.25E-8	2.07E-8	1.4600000381E0
2460957.668356481474	1.63E-8	1.08E-8	2.52E-8	1.4199999571E0	2460957.668356481474	1.23E-8	6.5E-9	2.69E-8	1.9999998808E0
2460957.668402777985	1.65E-8	7.1E-9	2.85E-8	1.3999999762E0	2460957.668402777985	1.55E-8	7.4E-9	2.17E-8	1.5800000429E0
2460957.668460648041	1.83E-8	7.4E-9	2.96E-8	1.9199999571E0	2460957.668460648041	1.81E-8	8.0E-9	1.65E-8	1.9600000381E0
2460957.668657407630	2.08E-8	4.7E-9	1.91E-8	1.439999938E0	2460957.668657407630	2.06E-8	9.0E-9	1.82E-8	1.3999998569E0
2460957.668900462799	1.85E-8	9.0E-9	2.26E-8	2.5799999237E0	2460957.668900462799	1.87E-8	7.9E-9	2.07E-8	2.8599998951E0
2460957.668993055355	1.93E-8	3.8E-9	2.18E-8	1.4999998808E0	2460957.668993055355	1.7E-8	1.03E-8	2.58E-8	1.3399999142E0
2460957.669050925877	1.87E-8	1.27E-8	1.74E-8	1.1999999285E0	2460957.669050925877	1.61E-8	3.1E-9	2.61E-8	1.5999999046E0
2460957.669143518433	2.12E-8	7.7E-9	2.39E-8	1.5999999046E0	2460957.669143518433	1.53E-8	6.0E-9	1.82E-8	1.4199999571E0
2460957.669293981511	1.66E-8	6.6E-9	2.91E-8	1.5599999428E0	2460957.669293981511	1.25E-8	7.6E-9	1.68E-8	1.6599999666E0
2460957.669537037145	1.78E-8	8.9E-9	2.68E-8	2.5999999046E0	2460957.669537037145	1.56E-8	1.07E-8	2.11E-8	1.2199999094E0
2460957.669594907202	1.89E-8	1.04E-8	2.01E-8	2.2200000286E0	2460957.669594907202	2.1E-8	9.3E-9	2.15E-8	1.3399999142E0
2460957.669641203713	1.81E-8	1.01E-8	2.56E-8	4.0999999046E0	2460957.669641203713	1.67E-8	9.7E-9	1.67E-8	2.9199998379E0
2460957.669745370280	1.81E-8	6.3E-9	2.0E-8	1.9999998808E0	2460957.669745370280	1.66E-8	8.1E-9	1.68E-8	1.1399998665E0
2460957.669837962836	1.96E-8	8.6E-9	2.32E-8	1.9999998808E0	2460957.669837962836	1.81E-8	9.1E-9	2.66E-8	1.9599999189E0
2460957.669895833358	1.65E-8	7.1E-9	2.61E-8	1.5599999428E0	2460957.669895833358	1.65E-8	1.2E-8	1.98E-8	1.6799999475E0
2460957.669942129403	1.56E-8	1.24E-8	1.53E-8	1.1999999285E0	2460957.669942129403	1.65E-8	7.0E-9	2.44E-8	2.6799998283E0
2460957.670092592482	1.69E-8	6.1E-9	3.39E-8	2.0599999428E0	2460957.670092592482	1.37E-8	9.1E-9	1.67E-8	1.0399999619E0
2460957.670138888992	1.77E-8	7.1E-9	2.22E-8	1.939999938E0	2460957.670138888992	1.63E-8	7.8E-9	2.7E-8	2.9599997997E0
2460957.670335648116	1.85E-8	9.5E-9	2.0E-8	3.3399999142E0	2460957.670335648116	1.82E-8	8.3E-9	2.43E-8	1.3999998569E0
2460957.670381944627	1.85E-8	6.0E-9	2.09E-8	3.2200000286E0	2460957.670381944627	1.88E-8	1.06E-8	1.77E-8	2.6399998665E0
2460957.670486111194	1.63E-8	9.7E-9	2.54E-8	2.1199998856E0	2460957.670486111194	1.25E-8	6.8E-9	2.09E-8	1.9999998808E0
2460957.670578703750	1.74E-8	6.2E-9	2.69E-8	1.8399999142E0	2460957.670578703750	1.65E-8	6.9E-9	1.87E-8	1.7599998713E0
2460957.670636574272	1.71E-8	6.5E-9	2.36E-8	1.6799999475E0	2460957.670636574272	1.84E-8	8.2E-9	2.35E-8	1.5599999428E0
2460957.670775462873	1.57E-8	9.3E-9	2.05E-8	2.6999998093E0	2460957.670775462873	1.38E-8	1.37E-8	1.64E-8	1.379999876E0
2460957.670879629441	1.94E-8	4.3E-9	1.74E-8	1.9999998808E0	2460957.670879629441	1.65E-8	1.06E-8	1.6E-8	1.5399999619E0
2460957.670925925951	1.63E-8	6.6E-9	2.66E-8	1.1999999285E0	2460957.670925925951	1.53E-8	8.4E-9	2.12E-8	1.4599999189E0
2460957.670972221997	1.83E-8	1.05E-8	1.99E-8	2.1599998474E0	2460957.670972221997	1.66E-8	6.1E-9	2.51E-8	2.2599999905E0
2460957.671030092519	1.89E-8	1.29E-8	1.58E-8	1.379999876E0	2460957.671030092519	1.67E-8	7.7E-9	2.64E-8	1.3199999332E0
2460957.671122685075	1.82E-8	8.8E-9	2.49E-8	1.1199998856E0	2460957.671122685075	1.56E-8	8.4E-9	2.01E-8	2.2400000095E0
2460957.671469907276	1.57E-8	1.2E-8	1.62E-8	2.0399999619E0	2460957.671469907276	1.75E-8	8.3E-9	1.71E-8	1.2999999523E0
2460957.671516203787	1.25E-8	9.9E-9	2.65E-8	1.3399999142E0	2460957.671516203787	1.5E-8	8.9E-9	1.97E-8	1.9199999571E0
2460957.671562499832	2.2E-8	1.43E-8	2.98E-8	1.4599999189E0	2460957.671562499832	2.0E-8	4.6E-9	2.69E-8	1.7199999094E0
2460957.671620370355	1.47E-8	1.15E-8	1.76E-8	1.9599999189E0	2460957.671620370355	2.0E-8	1.03E-8	2.23E-8	1.0999999046E0
2460957.671666666865	1.57E-8	1.07E-8	2.01E-8	1.4199999571E0	2460957.671666666865	2.25E-8	8.6E-9	2.07E-8	2.5999999046E0
2460957.671712962911	2.08E-8	7.9E-9	2.35E-8	1.7599998713E0	2460957.671712962911	2.04E-8	7.6E-9	1.98E-8	1.1599999666E0
2460957.671817129478	2.03E-8	8.1E-9	1.82E-8	4.0999999046E0	2460957.671817129478	1.67E-8	5.7E-9	2.57E-8	2.7199997902E0
2460957.671863425989	1.76E-8	7.3E-9	2.09E-8	2.4399998188E0	2460957.671863425989	1.7E-8	9.8E-9	2.08E-8	3.0199999809E0
2460957.671921296511	2.32E-8	1.35E-8	2.24E-8	1.1199998856E0	2460957.671921296511	1.78E-8	6.0E-9	2.02E-8	1.8999998569E0
2460957.671967592556	1.75E-8	7.3E-9	1.33E-8	1.7199999094E0	2460957.671967592556	1.31E-8	1.11E-8	1.55E-8	2.0399999619E0
2460957.672060185112	2.0E-8	1.18E-8	1.79E-8	3.0799999237E0	2460957.672060185112	1.87E-8	1.02E-8	2.06E-8	2.1999998093E0
2460957.672164351679	1.76E-8	7.8E-9	2.16E-8	3.9599997997E0	2460957.672164351679	1.88E-8	7.7E-9	2.09E-8	3.0599999428E0
2460957.672465277836	1.71E-8	1.1E-8	1.85E-8	1.9599999189E0	2460957.672465277836	1.54E-8	1.01E-8	2.29E-8	1.8200000525E0
2460957.672511573881	1.77E-8	7.8E-9	2.26E-8	2.1199998856E0	2460957.672511573881	1.74E-8	1.11E-8	1.34E-8	1.2999999523E0
2460957.672557870392	1.5E-8	1.04E-8	2.04E-8	1.7199999094E0	2460957.672557870392	1.55E-8	6.9E-9	2.43E-8	1.6599999666E0
2460957.672708333470	1.66E-8	7.4E-9	1.31E-8	1.6199998856E0	2460957.672708333470	1.34E-8	6.5E-9	2.56E-8	1.1799999475E0
2460957.672754629515	1.71E-8	6.2E-9	2.76E-8	1.9999998808E0	2460957.672754629515	1.76E-8	5.6E-9	2.29E-8	1.2799999714E0
2460957.672858796082	2.17E-8	8.0E-9	2.6E-8	2.2599999905E0	2460957.672858796082	1.45E-8	1.13E-8	2.04E-8	3.2399997711E0
2460957.672905092593	1.69E-8	6.0E-9	2.41E-8	1.8199999332E0	2460957.672905092593	2.1E-8	6.7E-9	2.15E-8	1.3200000525E0
2460957.672997685149	1.64E-8	5.9E-9	2.07E-8	1.4199999571E0	2460957.672997685149	1.17E-8	1.1E-8	1.3E-8	1.2000000477E0
2460957.673055555671	1.8E-8	8.1E-9	2.44E-8	2.0399999619E0	2460957.673055555671	1.94E-8	9.6E-9	1.77E-8	1.2400000095E0
2460957.673101851717	2.02E-8	8.9E-9	1.9E-8	1.4599999189E0	2460957.673101851717	1.44E-8	7.6E-9	2.37E-8	1.5399999619E0
2460957.673252314795	1.86E-8	9.7E-9	2.69E-8	2.1999998093E0	2460957.673252314795	2.02E-8	6.3E-9	2.24E-8	1.6599999666E0
2460957.673298611306	1.7E-8	5.9E-9	2.59E-8	1.8599998951E0	2460957.673298611306	1.51E-8	6.7E-9	2.2E-8	1.4400000572E0
2460957.673402777873	1.77E-8	7.1E-9	2.24E-8	2.2200000286E0	2460957.673402777873	1.62E-8	7.1E-9	1.95E-8	2.0599999428E0
2460957.673449073918	1.92E-8	4.8E-9	1.58E-8	1.5199999809E0	2460957.673449073918	1.52E-8	1.07E-8	2.37E-8	1.3999998569E0
2460957.673495370429	1.52E-8	1.0E-8	1.66E-8	1.9599999189E0	2460957.673495370429	1.5E-8	4.7E-9	2.55E-8	1.2999999523E0
2460957.673553240951	2.02E-8	1.34E-8	1.92E-8	1.7199999094E0	2460957.673553240951	1.76E-8	7.6E-9	1.71E-8	1.4599999189E0
2460957.673692129552	1.73E-8	1.23E-8	1.81E-8	1.5799999237E0	2460957.673692129552	1.62E-8	6.1E-9	2.55E-8	1.4199999571E0
2460957.673842592631	1.5E-8	6.6E-9	2.18E-8	3.0999999046E0	2460957.673842592631	1.61E-8	1.24E-8	1.64E-8	2.379999876E0
2460957.673888888676	1.92E-8	1.17E-8	1.85E-8	3.3999998569E0	2460957.673888888676	1.61E-8	9.4E-9	1.39E-8	2.1199998856E0
2460957.673946759198	1.66E-8	6.0E-9	2.01E-8	2.6199998856E0	2460957.673946759198	1.91E-8	6.2E-9	2.68E-8	1.8199999332E0
2460957.673993055709	1.62E-8	9.0E-9	1.48E-8	1.8999999762E0	2460957.673993055709	1.61E-8	8.9E-9	1.57E-8	1.2400000095E0
2460957.674085648265	1.61E-8	1.07E-8	1.65E-8	2.1999998093E0	2460957.674085648265	1.4E-8	9.4E-9	2.01E-8	1.7000000477E0
2460957.674236111343	1.53E-8	1.19E-8	2.27E-8	1.9199999571E0	2460957.674236111343	1.48E-8	8.9E-9	1.63E-8	1.4400000572E0
2460957.674328703899	1.47E-8	9.6E-9	2.48E-8	2.1199998856E0	2460957.674328703899	1.87E-8	6.6E-9	3.22E-8	1.1799999475E0
2460957.674386573955	1.6E-8	7.9E-9	2.2E-8	2.5799999237E0	2460957.674386573955	1.61E-8	1.38E-8	1.72E-8	2.3599998951E0
2460957.674432870466	1.51E-8	6.5E-9	1.45E-8	1.7999999523E0	2460957.674432870466	1.33E-8	1.08E-8	2.3E-8	1.5599999428E0
2460957.674479166511	1.6E-8	1.14E-8	1.97E-8	1.8599998951E0	2460957.674479166511	1.75E-8	1.01E-8	1.61E-8	1.6999999285E0
2460957.674537037034	1.5E-8	7.2E-9	2.22E-8	1.9799998999E0	2460957.674537037034	1.65E-8	5.6E-9	1.52E-8	1.0E0
2460957.674583333544	1.59E-8	5.6E-9	2.47E-8	2.1199998856E0	2460957.674583333544	1.64E-8	1.17E-8	2.09E-8	2.0799999237E0
2460957.674629629590	1.32E-8	4.2E-9	1.78E-8	1.8399999142E0	2460957.674629629590	1.71E-8	1.01E-8	2.24E-8	1.7199999094E0
2460957.674780092668	1.96E-8	9.5E-9	2.04E-8	2.5E0	2460957.674780092668	1.65E-8	9.1E-9	2.67E-8	1.6999999285E0
2460957.674826388713	1.68E-8	6.5E-9	2.28E-8	2.5999999046E0	2460957.674826388713	1.64E-8	1.06E-8	1.9E-8	3.0199999809E0
2460957.674884259235	1.95E-8	7.7E-9	1.7E-8	2.8399999142E0	2460957.674884259235	1.93E-8	9.0E-9	1.71E-8	2.8399999142E0
2460957.675173610914	1.97E-8	6.1E-9	2.53E-8	1.6599999666E0	2460957.675173610914	1.88E-8	8.3E-9	2.08E-8	1.1799999475E0
2460957.675277777947	1.83E-8	3.8E-9	2.24E-8	2.5399999619E0	2460957.675277777947	2.04E-8	9.5E-9	2.36E-8	2.3599998951E0
2460957.675370370504	1.62E-8	5.6E-9	1.57E-8	1.879999876E0	2460957.675370370504	1.83E-8	9.9E-9	2.19E-8	1.5999999046E0
2460957.675671296194	1.86E-8	6.2E-9	2.17E-8	3.5399999619E0	2460957.675671296194	2.11E-8	1.13E-8	2.36E-8	3.4799997807E0
2460957.675717592705	1.98E-8	6.3E-9	1.83E-8	1.939999938E0	2460957.675717592705	1.67E-8	9.5E-9	1.64E-8	1.7599998713E0
2460957.675821759272	1.75E-8	6.3E-9	1.85E-8	1.6199998856E0	2460957.675821759272	1.72E-8	8.4E-9	1.8E-8	2.7999999523E0
2460957.675868055783	1.44E-8	4.9E-9	2.05E-8	1.4799998999E0	2460957.675868055783	1.62E-8	5.2E-9	2.24E-8	1.6399998665E0
2460957.675914351828	1.57E-8	1.05E-8	1.57E-8	2.4600000381E0	2460957.675914351828	1.7E-8	5.3E-9	2.44E-8	2.0799999237E0
2460957.676018518396	1.72E-8	5.7E-9	3.07E-8	1.8999999762E0	2460957.676018518396	1.75E-8	8.3E-9	2.41E-8	1.560000062E0
2460957.676111110952	1.63E-8	5.7E-9	1.77E-8	1.7199999094E0	2460957.676111110952	1.59E-8	1.06E-8	1.6E-8	1.2799999714E0
2460957.676168981474	1.89E-8	9.5E-9	2.21E-8	2.7200000286E0	2460957.676168981474	1.76E-8	1.17E-8	1.66E-8	2.0399999619E0
2460957.676215277985	1.88E-8	1.26E-8	2.55E-8	2.7199997902E0	2460957.676215277985	1.79E-8	6.1E-9	2.2E-8	2.7199997902E0
2460957.676261574030	2.0E-8	7.4E-9	2.74E-8	1.7399998903E0	2460957.676261574030	1.57E-8	6.6E-9	1.8E-8	1.439999938E0
2460957.676319444552	9.4E-9	1.11E-8	2.15E-8	2.7200000286E0	2460957.676319444552	1.35E-8	8.7E-9	1.62E-8	1.1199998856E0
2460957.676365740597	1.77E-8	1.41E-8	2.18E-8	1.439999938E0	2460957.676365740597	1.82E-8	7.6E-9	1.9E-8	1.3200000525E0
2460957.676412037108	1.99E-8	1.14E-8	2.22E-8	2.3199999332E0	2460957.676412037108	1.76E-8	9.3E-9	1.84E-8	2.3599998951E0
2460957.676562500186	1.58E-8	5.3E-9	1.59E-8	2.379999876E0	2460957.676562500186	1.56E-8	8.3E-9	2.35E-8	1.8799999952E0
2460957.676608796231	1.56E-8	5.8E-9	2.27E-8	1.3599998951E0	2460957.676608796231	2.01E-8	1.03E-8	2.06E-8	1.8999999762E0
2460957.676666666754	1.82E-8	6.9E-9	2.46E-8	1.4999998808E0	2460957.676666666754	1.12E-8	8.0E-9	2.3E-8	1.7599998713E0
2460957.676712962799	2.26E-8	7.4E-9	2.16E-8	1.8599998951E0	2460957.676712962799	1.43E-8	1.26E-8	2.14E-8	1.7599999905E0
2460957.676759259310	1.59E-8	8.0E-9	2.53E-8	2.5199999809E0	2460957.676759259310	1.72E-8	7.5E-9	2.15E-8	1.7799998522E0
2460957.676909722388	1.53E-8	9.6E-9	1.95E-8	1.7399998903E0	2460957.676909722388	1.42E-8	7.6E-9	1.62E-8	1.3399999142E0
2460957.677013888955	1.47E-8	9.6E-9	1.88E-8	1.6799999475E0	2460957.677013888955	1.71E-8	8.8E-9	2.17E-8	1.6999999285E0
2460957.677060185000	1.82E-8	6.5E-9	2.26E-8	1.5799999237E0	2460957.677060185000	1.63E-8	8.1E-9	2.12E-8	1.4600000381E0
2460957.677106481511	1.84E-8	1.1E-8	2.19E-8	2.0399999619E0	2460957.677106481511	1.41E-8	8.9E-9	2.21E-8	1.7999999523E0
2460957.677453703713	1.74E-8	7.7E-9	2.36E-8	2.1999998093E0	2460957.677453703713	1.34E-8	6.1E-9	2.16E-8	1.7999999523E0
2460957.677500000224	1.76E-8	1.41E-8	2.41E-8	1.2999999523E0	2460957.677500000224	1.57E-8	7.9E-9	1.61E-8	1.0199999809E0
2460957.677604166791	1.7E-8	8.7E-9	2.38E-8	3.2400000095E0	2460957.677604166791	1.74E-8	1.35E-8	1.64E-8	2.7399997711E0
2460957.677650462836	1.96E-8	1.12E-8	1.89E-8	3.1199998856E0	2460957.677650462836	1.83E-8	6.7E-9	2.03E-8	2.8199999332E0
2460957.677743055392	1.84E-8	1.19E-8	2.39E-8	3.1399998665E0	2460957.677743055392	1.63E-8	6.2E-9	2.31E-8	2.5999999046E0
2460957.677800925914	2.1E-8	6.6E-9	2.16E-8	2.2599999905E0	2460957.677800925914	1.67E-8	8.8E-9	2.26E-8	2.1199998856E0
2460957.677951388992	2.05E-8	1.04E-8	1.86E-8	2.0999999046E0	2460957.677951388992	1.46E-8	1.03E-8	1.77E-8	2.7999999523E0
2460957.678043981548	1.93E-8	5.0E-9	2.21E-8	2.5E0	2460957.678043981548	1.76E-8	1.52E-8	1.59E-8	1.1399998665E0
2460957.678090277594	1.91E-8	5.2E-9	2.7E-8	1.5599999428E0	2460957.678090277594	1.82E-8	1.18E-8	1.89E-8	1.560000062E0
2460957.678194444627	1.51E-8	8.4E-9	1.73E-8	2.4599997997E0	2460957.678194444627	1.87E-8	1.12E-8	2.01E-8	1.2000000477E0
2460957.678240740672	1.65E-8	5.6E-9	2.51E-8	2.1199998856E0	2460957.678240740672	1.9E-8	7.2E-9	2.72E-8	1.7999999523E0
2460957.678298611194	1.41E-8	6.7E-9	2.95E-8	1.4999998808E0	2460957.678298611194	2.12E-8	3.5E-9	2.78E-8	1.1399998665E0
2460957.678344907239	2.19E-8	8.7E-9	2.09E-8	1.439999938E0	2460957.678344907239	1.52E-8	8.8E-9	1.69E-8	1.3799999952E0
2460957.678483796306	1.46E-8	4.0E-9	2.7E-8	1.4999998808E0	2460957.678483796306	1.33E-8	6.4E-9	1.76E-8	1.1399998665E0
2460957.678541666828	1.97E-8	9.3E-9	1.37E-8	1.0199999809E0	2460957.678541666828	2.07E-8	5.5E-9	1.99E-8	2.3199999332E0
2460957.678587962873	1.45E-8	6.4E-9	2.89E-8	1.7799999714E0	2460957.678587962873	1.47E-8	9.8E-9	1.83E-8	1.1399999857E0
2460957.678692129441	1.77E-8	9.3E-9	1.63E-8	2.6799998283E0	2460957.678692129441	1.45E-8	1.29E-8	2.03E-8	1.6599999666E0
2460957.678784721997	1.79E-8	9.2E-9	2.5E-8	2.2599999905E0	2460957.678784721997	1.67E-8	1.03E-8	2.26E-8	2.9199998379E0
2460957.678831018507	1.83E-8	6.3E-9	2.7E-8	2.0999999046E0	2460957.678831018507	1.15E-8	1.27E-8	1.8E-8	1.6000000238E0
2460957.678981481586	2.24E-8	5.8E-9	2.59E-8	1.7399998903E0	2460957.678981481586	1.7E-8	9.8E-9	2.73E-8	1.4199999571E0
2460957.679224537220	1.92E-8	9.2E-9	2.45E-8	1.379999876E0	2460957.679224537220	1.41E-8	6.4E-9	2.35E-8	1.6599999666E0
2460957.679328703787	1.8E-8	8.1E-9	1.69E-8	2.7199997902E0	2460957.679328703787	1.47E-8	7.2E-9	2.45E-8	2.4399998188E0
2460957.679374999832	2.1E-8	1.34E-8	1.61E-8	1.4999998808E0	2460957.679374999832	1.99E-8	9.2E-9	2.21E-8	1.7200000286E0
2460957.679479166865	2.05E-8	8.7E-9	1.87E-8	3.1199998856E0	2460957.679479166865	1.48E-8	5.5E-9	2.22E-8	2.5399999619E0
2460957.679525462911	1.73E-8	6.1E-9	1.93E-8	3.0799999237E0	2460957.679525462911	2.01E-8	9.1E-9	2.32E-8	3.4199998379E0
2460957.679675925989	1.42E-8	1.24E-8	2.23E-8	1.2399998903E0	2460957.679675925989	1.38E-8	1.39E-8	1.21E-8	1.8399999142E0
2460957.679826389067	1.8E-8	7.8E-9	1.7E-8	1.7199999094E0	2460957.679826389067	1.58E-8	1.03E-8	1.73E-8	2.1999998093E0
2460957.679918981623	2.16E-8	6.6E-9	2.25E-8	1.3599998951E0	2460957.679918981623	1.79E-8	1.09E-8	1.64E-8	1.4599999189E0
2460957.680023148190	1.69E-8	1.09E-8	2.56E-8	1.7599998713E0	2460957.680023148190	2.06E-8	1.05E-8	2.28E-8	2.9599997997E0
2460957.680069444235	1.47E-8	8.6E-9	1.95E-8	2.1399998665E0	2460957.680069444235	1.37E-8	1.3E-8	1.26E-8	1.8200000525E0
2460957.680219907314	1.93E-8	7.0E-9	1.88E-8	2.6199998856E0	2460957.680219907314	1.49E-8	8.2E-9	2.49E-8	2.6999998093E0
2460957.680312499870	1.75E-8	8.2E-9	3.38E-8	1.7199999094E0	2460957.680312499870	1.22E-8	6.6E-9	2.15E-8	1.5399999619E0
2460957.680370370392	1.9E-8	8.6E-9	1.89E-8	2.3999998569E0	2460957.680370370392	1.93E-8	7.9E-9	2.27E-8	1.4599999189E0
2460957.680763889104	1.8E-8	7.5E-9	2.01E-8	1.4599999189E0	2460957.680763889104	2.04E-8	6.9E-9	1.81E-8	1.3999998569E0
2460957.680810185149	1.89E-8	6.5E-9	1.96E-8	1.5199999809E0	2460957.680810185149	1.74E-8	1.0E-8	1.88E-8	1.7199999094E0
2460957.680868055671	1.93E-8	1.09E-8	1.86E-8	2.2799999714E0	2460957.680868055671	1.57E-8	8.6E-9	2.38E-8	1.879999876E0
2460957.680914351717	1.52E-8	7.4E-9	2.89E-8	2.1599998474E0	2460957.680914351717	1.36E-8	9.6E-9	2.28E-8	2.6999998093E0
2460957.680960648227	1.87E-8	6.7E-9	1.83E-8	1.9599999189E0	2460957.680960648227	1.65E-8	9.0E-9	1.66E-8	1.3199999332E0
2460957.681006944273	1.97E-8	8.4E-9	2.2E-8	2.379999876E0	2460957.681006944273	1.54E-8	1.23E-8	2.24E-8	2.0599999428E0
2460957.681111111306	1.56E-8	1.19E-8	2.07E-8	3.5199999809E0	2460957.681111111306	1.57E-8	5.8E-9	2.29E-8	2.4799997807E0
2460957.681215277873	1.92E-8	7.2E-9	2.65E-8	2.8599998951E0	2460957.681215277873	1.73E-8	1.37E-8	1.77E-8	1.7799998522E0
2460957.681261573918	1.68E-8	7.6E-9	2.74E-8	1.5599999428E0	2460957.681261573918	1.95E-8	7.4E-9	1.97E-8	1.7599998713E0
2460957.681354166474	1.82E-8	8.0E-9	2.23E-8	2.7799999714E0	2460957.681354166474	1.51E-8	6.2E-9	2.99E-8	1.8599998951E0
2460957.681412036996	1.99E-8	6.0E-9	2.26E-8	2.5199999809E0	2460957.681412036996	1.73E-8	7.3E-9	1.89E-8	2.3399999142E0
2460957.681458333507	1.76E-8	8.5E-9	1.99E-8	3.0E0	2460957.681458333507	1.64E-8	9.9E-9	2.19E-8	2.6999998093E0
2460957.681805555709	1.93E-8	6.3E-9	2.61E-8	1.7799999714E0	2460957.681805555709	1.56E-8	8.1E-9	2.01E-8	2.4399998188E0
2460957.681851851754	2.06E-8	1.06E-8	1.72E-8	2.0599999428E0	2460957.681851851754	1.86E-8	4.0E-9	1.96E-8	1.8999998569E0
2460957.681898148265	2.12E-8	6.8E-9	2.46E-8	3.4599997997E0	2460957.681898148265	1.62E-8	1.15E-8	2.56E-8	2.5799999237E0
2460957.681956018321	1.74E-8	6.4E-9	2.63E-8	2.0399999619E0	2460957.681956018321	2.1E-8	8.4E-9	1.99E-8	1.4999998808E0
2460957.682002314832	1.43E-8	7.8E-9	2.85E-8	2.0999999046E0	2460957.682002314832	1.84E-8	1.04E-8	2.31E-8	1.5799999237E0
2460957.682048611343	1.43E-8	9.8E-9	2.27E-8	2.0399999619E0	2460957.682048611343	1.71E-8	1.03E-8	1.95E-8	1.939999938E0
2460957.682152777910	1.75E-8	7.7E-9	3.11E-8	2.0399999619E0	2460957.682152777910	1.48E-8	9.7E-9	1.54E-8	1.5799999237E0
2460957.682199073955	1.95E-8	1.2E-8	2.32E-8	1.6999999285E0	2460957.682199073955	1.49E-8	9.3E-9	2.07E-8	1.7199999094E0
2460957.682303240523	1.67E-8	1.24E-8	1.18E-8	1.7599998713E0	2460957.682303240523	1.81E-8	9.1E-9	2.1E-8	2.4199998379E0
2460957.682349537034	1.74E-8	6.6E-9	2.16E-8	2.9399998188E0	2460957.682349537034	1.46E-8	6.2E-9	2.15E-8	1.4199999571E0
2460957.682395833544	2.11E-8	1.1E-8	2.7E-8	1.7599998713E0	2460957.682395833544	1.93E-8	8.8E-9	2.11E-8	1.8799999952E0
2460957.682453703601	2.15E-8	7.5E-9	2.86E-8	1.9999998808E0	2460957.682453703601	1.44E-8	9.4E-9	2.08E-8	2.3199999332E0
2460957.682546296157	1.71E-8	6.7E-9	2.61E-8	2.879999876E0	2460957.682546296157	1.68E-8	5.3E-9	2.16E-8	1.7199999094E0
2460957.682847222313	1.52E-8	6.2E-9	2.22E-8	1.7399998903E0	2460957.682847222313	1.27E-8	1.15E-8	1.83E-8	1.879999876E0
2460957.682939814869	2.07E-8	6.9E-9	2.01E-8	1.8999999762E0	2460957.682939814869	1.59E-8	9.2E-9	2.21E-8	2.2599999905E0
2460957.682997685391	1.97E-8	7.9E-9	2.76E-8	1.8199999332E0	2460957.682997685391	1.94E-8	6.2E-9	1.14E-8	1.2599998713E0
2460957.683194444515	1.98E-8	7.3E-9	1.28E-8	2.6599998474E0	2460957.683194444515	1.61E-8	1.02E-8	2.23E-8	2.4599997997E0
2460957.683240740560	1.55E-8	9.7E-9	1.78E-8	1.6199998856E0	2460957.683240740560	1.78E-8	9.2E-9	2.22E-8	1.379999876E0
2460957.683287037071	1.66E-8	1.09E-8	2.26E-8	2.1599998474E0	2460957.683287037071	1.62E-8	6.2E-9	1.66E-8	1.879999876E0
2460957.683344907593	1.86E-8	8.8E-9	2.25E-8	1.8599998951E0	2460957.683344907593	1.33E-8	7.0E-9	1.71E-8	1.6999999285E0
2460957.683391203638	1.51E-8	6.6E-9	1.95E-8	1.7999999523E0	2460957.683391203638	1.77E-8	8.5E-9	2.27E-8	2.6599998474E0
2460957.683495370205	1.47E-8	1.6E-8	2.25E-8	1.4999998808E0	2460957.683495370205	3.4E-9	8.3E-9	2.48E-8	2.6199998856E0
2460957.683692129795	1.46E-8	1.12E-8	2.13E-8	1.5199999809E0	2460957.683692129795	1.77E-8	1.35E-8	1.71E-8	1.9999998808E0
2460957.683842592407	1.81E-8	9.1E-9	2.36E-8	2.1799998283E0	2460957.683842592407	1.59E-8	6.6E-9	2.51E-8	2.0199999809E0
2460957.683935184963	1.67E-8	5.5E-9	1.83E-8	2.2799999714E0	2460957.683935184963	1.75E-8	7.5E-9	2.1E-8	2.3199999332E0
2460957.684039351996	1.91E-8	1.16E-8	1.32E-8	2.0599999428E0	2460957.684039351996	2.01E-8	8.8E-9	1.56E-8	1.2399998903E0
2460957.684085648041	1.89E-8	5.3E-9	1.67E-8	2.3399999142E0	2460957.684085648041	1.75E-8	8.9E-9	2.12E-8	2.3199999332E0
2460957.684282407630	2.04E-8	1.21E-8	2.06E-8	1.7199999094E0	2460957.684282407630	1.58E-8	4.9E-9	1.99E-8	2.4599997997E0
2460957.684328703675	1.85E-8	9.2E-9	2.48E-8	2.5599999428E0	2460957.684328703675	1.21E-8	1.09E-8	2.25E-8	1.6200000048E0
2460957.684432870243	1.92E-8	1.14E-8	2.4E-8	1.8599998951E0	2460957.684432870243	1.36E-8	1.29E-8	2.19E-8	1.6599999666E0
2460957.684525462799	1.99E-8	9.9E-9	2.72E-8	1.6399999857E0	2460957.684525462799	2.02E-8	1.04E-8	1.12E-8	1.6399998665E0
2460957.684629629832	1.97E-8	3.9E-9	1.81E-8	1.2799999714E0	2460957.684629629832	1.9E-8	7.3E-9	1.89E-8	2.7999999523E0
2460957.684675925877	1.69E-8	8.4E-9	1.62E-8	1.7599998713E0	2460957.684675925877	1.51E-8	7.6E-9	2.32E-8	1.3399999142E0
2460957.684722222388	1.61E-8	6.8E-9	2.18E-8	1.9999998808E0	2460957.684722222388	1.53E-8	1.27E-8	1.61E-8	1.439999938E0
2460957.684780092444	1.73E-8	7.5E-9	2.53E-8	1.8999999762E0	2460957.684780092444	1.42E-8	6.8E-9	2.55E-8	1.8999998569E0
2460957.684872685000	1.65E-8	9.4E-9	2.14E-8	2.5799999237E0	2460957.684872685000	1.24E-8	1.0E-8	2.32E-8	1.2799999714E0
2460957.684930555522	2.01E-8	1.17E-8	2.43E-8	2.6599998474E0	2460957.684930555522	1.48E-8	1.29E-8	1.38E-8	1.9199999571E0
2460957.685069444589	1.91E-8	4.4E-9	2.66E-8	1.9799998999E0	2460957.685069444589	1.49E-8	6.9E-9	1.86E-8	2.5199999809E0
2460957.685173611157	1.63E-8	4.8E-9	2.05E-8	2.5E0	2460957.685173611157	1.84E-8	6.1E-9	2.34E-8	2.7599999905E0
2460957.685219907202	1.55E-8	7.3E-9	1.74E-8	1.3599998951E0	2460957.685219907202	2.08E-8	6.9E-9	1.75E-8	1.8400000334E0
2460957.685324074235	2.08E-8	6.7E-9	2.14E-8	1.3599998951E0	2460957.685324074235	1.66E-8	9.3E-9	2.06E-8	1.6599999666E0
2460957.685370370280	1.68E-8	1.07E-8	2.28E-8	2.6599998474E0	2460957.685370370280	1.39E-8	4.5E-9	2.68E-8	2.1999998093E0
2460957.685567129403	1.76E-8	9.7E-9	2.79E-8	1.7199999094E0	2460957.685567129403	1.82E-8	1.19E-8	2.14E-8	1.4799998999E0
2460957.685624999925	1.75E-8	8.3E-9	1.82E-8	2.4399998188E0	2460957.685624999925	1.79E-8	9.7E-9	2.55E-8	1.5999999046E0
2460957.685914352071	1.73E-8	7.4E-9	2.88E-8	2.2400000095E0	2460957.685914352071	1.8E-8	1.03E-8	2.3E-8	1.6599999666E0
2460957.685960648116	1.88E-8	1.04E-8	2.07E-8	2.6399998665E0	2460957.685960648116	1.6E-8	1.18E-8	2.17E-8	2.2400000095E0
2460957.686018518638	2.08E-8	5.8E-9	2.15E-8	2.0599999428E0	2460957.686018518638	1.44E-8	1.05E-8	1.68E-8	1.8199999332E0
2460957.686064814683	1.64E-8	1.09E-8	2.49E-8	1.3599998951E0	2460957.686064814683	2.31E-8	5.3E-9	2.46E-8	1.2199999094E0
2460957.686111111194	1.69E-8	6.2E-9	2.83E-8	1.0999999046E0	2460957.686111111194	1.74E-8	1.01E-8	1.99E-8	2.5E0
2460957.686157407239	1.49E-8	9.7E-9	2.07E-8	2.3599998951E0	2460957.686157407239	1.71E-8	1.21E-8	1.92E-8	1.7799998522E0
2460957.686215277761	2.15E-8	6.2E-9	2.16E-8	1.4999998808E0	2460957.686215277761	1.74E-8	1.21E-8	1.49E-8	1.2399998903E0
2460957.686365740839	1.19E-8	8.9E-9	1.95E-8	1.6399999857E0	2460957.686365740839	1.99E-8	5.2E-9	2.58E-8	1.2999999523E0
2460957.686458333395	1.71E-8	1.03E-8	2.1E-8	2.5599999428E0	2460957.686458333395	1.45E-8	9.0E-9	1.74E-8	1.6399998665E0
2460957.686516203918	2.17E-8	1.21E-8	2.17E-8	1.6399999857E0	2460957.686516203918	1.15E-8	1.1E-8	1.33E-8	2.1799998283E0
2460957.686562499963	1.7E-8	8.6E-9	2.29E-8	1.6799999475E0	2460957.686562499963	1.41E-8	1.2E-8	1.22E-8	1.3000000715E0
2460957.686608796474	1.48E-8	6.9E-9	2.22E-8	2.0599999428E0	2460957.686608796474	1.43E-8	1.44E-8	1.86E-8	1.3199999332E0
2460957.686712963041	1.71E-8	1.18E-8	1.73E-8	2.879999876E0	2460957.686712963041	1.93E-8	8.1E-9	2.62E-8	2.1399998665E0
2460957.686759259086	2.0E-8	1.01E-8	2.19E-8	1.7399998903E0	2460957.686759259086	1.49E-8	6.5E-9	2.36E-8	1.0399999619E0
2460957.686805555597	1.79E-8	8.4E-9	2.05E-8	3.1799998283E0	2460957.686805555597	1.48E-8	9.4E-9	1.26E-8	2.4999997616E0
2460957.686863426119	1.6E-8	7.3E-9	2.64E-8	1.8399999142E0	2460957.686863426119	1.31E-8	8.4E-9	1.37E-8	1.5399999619E0
2460957.686909722164	1.97E-8	9.9E-9	2.05E-8	1.879999876E0	2460957.686909722164	1.64E-8	5.1E-9	2.47E-8	1.7799998522E0
2460957.687060185242	1.95E-8	1.04E-8	1.82E-8	1.8199999332E0	2460957.687060185242	1.86E-8	6.5E-9	2.03E-8	1.8599998951E0
2460957.687442129478	1.57E-8	7.2E-9	2.66E-8	2.5199999809E0	2460957.687442129478	1.93E-8	1.03E-8	2.08E-8	2.1999998093E0
2460957.687500000000	1.77E-8	6.8E-9	2.09E-8	1.379999876E0	2460957.687500000000	1.59E-8	7.5E-9	2.32E-8	1.1599999666E0
2460957.687638889067	1.71E-8	6.5E-9	2.06E-8	2.6399998665E0	2460957.687638889067	1.81E-8	8.6E-9	2.31E-8	2.2400000095E0
2460957.687743055634	1.03E-8	1.19E-8	2.14E-8	2.379999876E0	2460957.687743055634	1.79E-8	1.14E-8	1.69E-8	1.2199999094E0
2460957.687986111268	1.57E-8	1.05E-8	2.28E-8	1.4599999189E0	2460957.687986111268	1.64E-8	9.2E-9	2.5E-8	1.3799999952E0
2460957.688229166437	1.73E-8	8.0E-9	2.23E-8	1.9799998999E0	2460957.688229166437	1.38E-8	8.3E-9	1.74E-8	1.5599999428E0
2460957.688275462948	1.6E-8	5.5E-9	2.8E-8	2.0999999046E0	2460957.688275462948	1.71E-8	8.1E-9	2.65E-8	1.2599998713E0
2460957.688333333470	2.31E-8	7.6E-9	2.31E-8	1.9799998999E0	2460957.688333333470	1.54E-8	9.9E-9	1.28E-8	2.2799999714E0
2460957.688379629515	2.04E-8	6.2E-9	2.71E-8	3.0999999046E0	2460957.688379629515	2.01E-8	7.1E-9	2.48E-8	3.2399997711E0
2460957.688472222071	2.0E-8	8.2E-9	2.08E-8	1.6799999475E0	2460957.688472222071	1.18E-8	7.5E-9	2.23E-8	1.7199999094E0
2460957.688576389104	1.54E-8	6.1E-9	2.62E-8	1.9599999189E0	2460957.688576389104	1.38E-8	9.6E-9	1.78E-8	1.6000000238E0
2460957.688680555671	1.93E-8	4.5E-9	2.89E-8	1.3999999762E0	2460957.688680555671	1.48E-8	1.01E-8	2.19E-8	1.9599999189E0
2460957.688726851717	1.73E-8	7.5E-9	2.57E-8	1.7399998903E0	2460957.688726851717	1.74E-8	1.05E-8	2.03E-8	1.3400000334E0
2460957.688819444273	1.88E-8	8.4E-9	2.46E-8	2.0399999619E0	2460957.688819444273	1.61E-8	7.7E-9	1.65E-8	1.3399999142E0
2460957.688969907351	1.6E-8	9.4E-9	2.47E-8	2.7599999905E0	2460957.688969907351	1.84E-8	7.7E-9	1.69E-8	2.8999998569E0
2460957.689270833507	1.68E-8	6.1E-9	2.39E-8	3.1599998474E0	2460957.689270833507	2.04E-8	7.3E-9	1.94E-8	2.8399999142E0
2460957.689317129552	1.9E-8	9.5E-9	2.08E-8	2.2999999523E0	2460957.689317129552	1.53E-8	6.6E-9	1.99E-8	1.7400000095E0
2460957.689467592631	1.8E-8	1.59E-8	1.34E-8	1.6599999666E0	2460957.689467592631	1.4E-8	1.23E-8	1.95E-8	1.379999876E0
2460957.689513888676	1.92E-8	7.5E-9	2.27E-8	2.0399999619E0	2460957.689513888676	1.44E-8	7.9E-9	1.69E-8	1.5599999428E0
2460957.689606481697	1.76E-8	8.0E-9	2.37E-8	1.879999876E0	2460957.689606481697	1.79E-8	6.7E-9	1.55E-8	1.560000062E0
2460957.689664351754	2.03E-8	6.6E-9	2.37E-8	2.5399999619E0	2460957.689664351754	1.65E-8	7.6E-9	2.63E-8	2.1999998093E0
2460957.689710648265	1.59E-8	1.18E-8	2.01E-8	2.5599999428E0	2460957.689710648265	1.5E-8	8.5E-9	2.08E-8	2.1399998665E0
2460957.689756944310	1.74E-8	9.6E-9	2.14E-8	1.2999999523E0	2460957.689756944310	2.1E-8	7.5E-9	1.6E-8	1.1599999666E0
2460957.689814814832	1.7E-8	1.02E-8	2.36E-8	2.3199999332E0	2460957.689814814832	1.85E-8	9.6E-9	1.99E-8	3.7399997711E0
2460957.689861111343	1.84E-8	7.2E-9	1.79E-8	3.2599999905E0	2460957.689861111343	1.68E-8	8.0E-9	2.14E-8	3.6799998283E0
2460957.689907407388	1.7E-8	6.0E-9	1.9E-8	1.6199998856E0	2460957.689907407388	1.63E-8	8.0E-9	1.8E-8	3.7199997902E0
2460957.690011573955	1.42E-8	6.1E-9	2.94E-8	1.939999938E0	2460957.690011573955	1.82E-8	9.2E-9	2.34E-8	1.0199999809E0
2460957.690057870466	1.71E-8	1.22E-8	2.37E-8	1.439999938E0	2460957.690057870466	1.9E-8	6.9E-9	2.2E-8	1.3200000525E0
2460957.690104166511	1.32E-8	5.4E-9	2.82E-8	1.379999876E0	2460957.690104166511	1.23E-8	6.9E-9	1.75E-8	2.2400000095E0
2460957.690358796157	1.9E-8	6.7E-9	1.8E-8	2.1399998665E0	2460957.690358796157	1.76E-8	8.8E-9	1.93E-8	2.3399999142E0
2460957.690601851791	1.46E-8	6.7E-9	2.09E-8	1.7999999523E0	2460957.690601851791	1.73E-8	8.9E-9	3.18E-8	1.1399998665E0
2460957.690798610914	2.3E-8	1.25E-8	1.8E-8	1.5399999619E0	2460957.690798610914	1.7E-8	4.0E-9	1.91E-8	1.2599998713E0
2460957.690844907425	2.23E-8	5.8E-9	2.26E-8	1.6799999475E0	2460957.690844907425	1.19E-8	8.1E-9	2.01E-8	1.7400000095E0
2460957.690891203471	2.01E-8	9.9E-9	2.03E-8	2.8199999332E0	2460957.690891203471	1.59E-8	7.6E-9	2.4E-8	2.5399999619E0
2460957.690995370504	1.94E-8	7.4E-9	2.7E-8	2.1599998474E0	2460957.690995370504	1.54E-8	1.2E-8	2.01E-8	1.3599998951E0
2460957.691087963060	1.91E-8	1.28E-8	1.7E-8	2.4399998188E0	2460957.691087963060	2.12E-8	5.2E-9	1.81E-8	1.8199999332E0
2460957.691145833116	2.01E-8	4.2E-9	2.22E-8	1.7999999523E0	2460957.691145833116	1.7E-8	1.02E-8	2.85E-8	1.6999999285E0
2460957.691192129627	1.53E-8	1.05E-8	2.22E-8	1.8599998951E0	2460957.691192129627	1.59E-8	9.7E-9	1.89E-8	3.6999998093E0
2460957.691238426138	1.7E-8	1.23E-8	2.59E-8	1.6399999857E0	2460957.691238426138	1.8E-8	9.5E-9	2.19E-8	1.939999938E0
2460957.691342592705	1.95E-8	1.14E-8	2.02E-8	3.4799997807E0	2460957.691342592705	1.88E-8	8.7E-9	2.11E-8	2.9999997616E0
2460957.691388888750	1.5E-8	5.6E-9	1.82E-8	2.1199998856E0	2460957.691388888750	1.42E-8	7.3E-9	2.09E-8	1.1999999285E0
2460957.691435185261	1.6E-8	1.04E-8	1.92E-8	3.879999876E0	2460957.691435185261	1.9E-8	7.9E-9	1.77E-8	2.9999997616E0
2460957.691481481306	1.9E-8	6.6E-9	2.77E-8	1.939999938E0	2460957.691481481306	1.82E-8	9.4E-9	1.69E-8	1.2199999094E0
2460957.691539351828	1.59E-8	5.4E-9	2.09E-8	2.1199998856E0	2460957.691539351828	1.76E-8	8.3E-9	2.2E-8	2.8199999332E0
2460957.691678240895	2.0E-8	7.4E-9	2.19E-8	2.0599999428E0	2460957.691678240895	1.61E-8	1.14E-8	2.16E-8	2.2199997902E0
2460957.691736110952	1.45E-8	1.3E-8	2.66E-8	1.879999876E0	2460957.691736110952	1.5E-8	9.8E-9	2.04E-8	1.4199999571E0
2460957.691782407463	1.38E-8	1.36E-8	1.74E-8	1.2599999905E0	2460957.691782407463	1.38E-8	8.8E-9	2.32E-8	1.3599998951E0
2460957.692025463097	1.55E-8	1.16E-8	1.51E-8	2.379999876E0	2460957.692025463097	1.8E-8	5.4E-9	2.89E-8	1.7799998522E0
2460957.692129629664	1.79E-8	6.6E-9	3.6E-8	2.3399999142E0	2460957.692129629664	1.76E-8	1.3E-8	1.63E-8	1.8600000143E0
2460957.692372685298	1.84E-8	9.6E-9	1.34E-8	1.7399998903E0	2460957.692372685298	1.18E-8	6.4E-9	2.6E-8	1.8199999332E0
2460957.692418981344	1.97E-8	7.8E-9	2.02E-8	1.439999938E0	2460957.692418981344	1.74E-8	7.4E-9	2.37E-8	1.5399999619E0
2460957.692523148376	1.66E-8	3.8E-9	2.18E-8	1.7599998713E0	2460957.692523148376	1.62E-8	8.2E-9	2.16E-8	1.5599999428E0
2460957.692615740933	1.93E-8	9.4E-9	1.72E-8	2.1799998283E0	2460957.692615740933	1.87E-8	9.3E-9	2.54E-8	1.4599999189E0
2460957.693009259179	2.22E-8	8.5E-9	2.06E-8	2.2400000095E0	2460957.693009259179	1.79E-8	8.0E-9	1.62E-8	2.3399999142E0
2460957.693067129701	1.62E-8	9.4E-9	1.87E-8	2.5999999046E0	2460957.693067129701	1.34E-8	8.5E-9	2.26E-8	1.7399998903E0
2460957.693113425747	1.8E-8	5.7E-9	2.16E-8	1.8199999332E0	2460957.693113425747	2.05E-8	9.4E-9	1.82E-8	1.2799999714E0
2460957.693206018303	1.78E-8	9.3E-9	2.2E-8	1.5199999809E0	2460957.693206018303	1.57E-8	1.01E-8	1.74E-8	1.6999999285E0
2460957.693263888825	1.84E-8	5.8E-9	1.15E-8	1.5199999809E0	2460957.693263888825	1.77E-8	7.0E-9	1.88E-8	1.7399998903E0
2460957.693310185336	1.87E-8	7.9E-9	2.55E-8	1.8199999332E0	2460957.693310185336	8.5E-9	1.6E-8	1.34E-8	1.5199998617E0
2460957.693356481381	1.73E-8	1.31E-8	1.67E-8	2.2999999523E0	2460957.693356481381	1.96E-8	9.3E-9	2.22E-8	1.6799999475E0
2460957.693414351903	2.17E-8	7.7E-9	2.17E-8	2.9399998188E0	2460957.693414351903	1.62E-8	8.3E-9	2.46E-8	1.5599999428E0
2460957.693460647948	1.5E-8	1.14E-8	1.91E-8	2.1599998474E0	2460957.693460647948	1.62E-8	9.2E-9	1.88E-8	2.3599998951E0
2460957.693506944459	1.92E-8	5.9E-9	2.51E-8	1.3599998951E0	2460957.693506944459	1.68E-8	9.1E-9	1.28E-8	1.3599998951E0
2460957.693703703582	1.51E-8	1.17E-8	1.4E-8	2.2200000286E0	2460957.693703703582	1.71E-8	7.4E-9	1.77E-8	2.1999998093E0
2460957.693761574104	2.07E-8	7.9E-9	1.51E-8	1.6999999285E0	2460957.693761574104	1.6E-8	9.4E-9	1.67E-8	2.8599998951E0
2460957.693854166660	1.83E-8	1.24E-8	2.04E-8	1.7399998903E0	2460957.693854166660	1.54E-8	1.06E-8	2.17E-8	1.7199999094E0
2460957.693912037183	1.83E-8	1.01E-8	1.92E-8	1.939999938E0	2460957.693912037183	1.84E-8	9.8E-9	2.3E-8	2.2799999714E0
2460957.694004629739	1.58E-8	8.2E-9	2.27E-8	2.0599999428E0	2460957.694004629739	1.68E-8	7.7E-9	1.81E-8	2.3599998951E0
2460957.694155092817	1.85E-8	8.8E-9	2.59E-8	3.6399998665E0	2460957.694155092817	1.85E-8	1.14E-8	2.13E-8	3.0599999428E0
2460957.694201388862	1.89E-8	6.1E-9	1.82E-8	2.2999999523E0	2460957.694201388862	1.68E-8	9.9E-9	2.13E-8	2.1399998665E0
2460957.694305555429	1.7E-8	1.03E-8	2.14E-8	1.8199999332E0	2460957.694305555429	1.58E-8	1.05E-8	1.24E-8	1.6199998856E0
2460957.694456018507	1.86E-8	8.0E-9	2.19E-8	2.2799999714E0	2460957.694456018507	9.8E-9	1.04E-8	2.01E-8	1.6999999285E0
2460957.694502315018	1.95E-8	8.0E-9	2.21E-8	2.2799999714E0	2460957.694502315018	2.01E-8	1.11E-8	2.37E-8	1.6799999475E0
2460957.694548611064	1.69E-8	8.7E-9	1.64E-8	3.7399997711E0	2460957.694548611064	2.11E-8	1.08E-8	1.8E-8	2.4799997807E0
2460957.694606481586	2.05E-8	8.8E-9	2.14E-8	3.8599998951E0	2460957.694606481586	1.93E-8	8.8E-9	2.2E-8	3.0399999619E0
2460957.694652777631	1.79E-8	8.4E-9	1.41E-8	1.4599999189E0	2460957.694652777631	2.05E-8	1.01E-8	2.04E-8	1.8399999142E0
2460957.694849537220	1.54E-8	1.43E-8	2.08E-8	2.3399999142E0	2460957.694849537220	2.09E-8	1.1E-8	1.39E-8	1.4400000572E0
2460957.694895833265	1.78E-8	6.6E-9	1.66E-8	2.0599999428E0	2460957.694895833265	1.53E-8	1.11E-8	2.11E-8	1.3599998951E0
2460957.695046296343	1.8E-8	8.0E-9	2.11E-8	2.2400000095E0	2460957.695046296343	1.85E-8	9.1E-9	2.43E-8	1.7199999094E0
2460957.695092592388	1.98E-8	4.8E-9	2.13E-8	2.3399999142E0	2460957.695092592388	1.44E-8	8.3E-9	2.06E-8	2.1799998283E0
2460957.695196759421	1.75E-8	6.3E-9	1.86E-8	2.5399999619E0	2460957.695196759421	1.58E-8	6.1E-9	1.83E-8	2.0399999619E0
2460957.695393518545	1.6E-8	1.24E-8	2.02E-8	1.8199999332E0	2460957.695393518545	1.75E-8	1.33E-8	1.9E-8	1.7999999523E0
2460957.695439814590	1.51E-8	6.8E-9	1.74E-8	1.5599999428E0	2460957.695439814590	1.43E-8	8.3E-9	1.78E-8	1.5999999046E0
2460957.695486111101	1.71E-8	4.0E-9	3.0E-8	1.7199999094E0	2460957.695486111101	1.69E-8	6.6E-9	1.73E-8	2.1999998093E0
2460957.695543981623	1.41E-8	1.25E-8	1.99E-8	1.7399998903E0	2460957.695543981623	1.83E-8	5.9E-9	2.38E-8	1.6999999285E0
2460957.695787037257	1.51E-8	1.08E-8	2.43E-8	1.3999999762E0	2460957.695787037257	1.84E-8	9.2E-9	1.89E-8	2.2999999523E0
2460957.695833333302	1.93E-8	8.7E-9	1.74E-8	1.9999998808E0	2460957.695833333302	1.56E-8	7.3E-9	2.22E-8	1.6000000238E0
2460957.696087962948	1.96E-8	8.6E-9	2.19E-8	1.1599999666E0	2460957.696087962948	1.72E-8	1.05E-8	2.25E-8	1.5599999428E0
2460957.696180555504	1.66E-8	1.09E-8	2.03E-8	1.9599999189E0	2460957.696180555504	1.55E-8	6.6E-9	1.87E-8	2.5E0
2460957.696377314627	1.97E-8	9.9E-9	2.09E-8	1.6199998856E0	2460957.696377314627	1.76E-8	8.0E-9	2.58E-8	2.2400000095E0
2460957.696423611138	1.98E-8	9.0E-9	1.26E-8	1.9799998999E0	2460957.696423611138	1.59E-8	7.8E-9	1.8E-8	3.2799999714E0
2460957.696620370261	1.77E-8	1.07E-8	1.93E-8	1.8399999142E0	2460957.696620370261	1.41E-8	9.6E-9	2.14E-8	1.2799999714E0
2460957.696874999907	1.75E-8	6.1E-9	2.44E-8	2.1999998093E0	2460957.696874999907	1.75E-8	1.08E-8	1.98E-8	1.2999999523E0
2460957.696921296418	1.98E-8	6.7E-9	3.08E-8	2.2200000286E0	2460957.696921296418	1.55E-8	1.12E-8	1.9E-8	2.7799999714E0
2460957.697071759030	1.42E-8	9.5E-9	2.18E-8	1.6999999285E0	2460957.697071759030	1.36E-8	7.4E-9	2.31E-8	1.3999998569E0
2460957.697164352052	1.76E-8	1.28E-8	2.02E-8	2.8399999142E0	2460957.697164352052	1.79E-8	8.3E-9	1.84E-8	2.6599998474E0
2460957.697465277743	2.0E-8	5.7E-9	1.63E-8	3.1999998093E0	2460957.697465277743	2.09E-8	1.27E-8	1.78E-8	2.1999998093E0
2460957.697511574253	1.89E-8	4.7E-9	2.42E-8	1.8599998951E0	2460957.697511574253	2.04E-8	7.8E-9	1.94E-8	2.3999998569E0
2460957.697557870299	1.8E-8	7.5E-9	2.17E-8	3.8399999142E0	2460957.697557870299	1.62E-8	9.0E-9	2.11E-8	1.9199999571E0
2460957.697615740821	1.54E-8	9.3E-9	1.19E-8	1.4599999189E0	2460957.697615740821	1.33E-8	8.7E-9	1.6E-8	1.8399999142E0
2460957.697662036866	1.96E-8	1.13E-8	2.01E-8	1.6999999285E0	2460957.697662036866	1.68E-8	7.8E-9	2.04E-8	1.4799998999E0
2460957.697708333377	2.09E-8	5.1E-9	1.73E-8	1.6599999666E0	2460957.697708333377	1.62E-8	8.3E-9	2.13E-8	1.9999998808E0
2460957.697766203899	1.6E-8	7.1E-9	2.43E-8	2.6999998093E0	2460957.697766203899	1.4E-8	1.21E-8	1.41E-8	1.6399998665E0
2460957.697858796455	2.01E-8	5.7E-9	1.27E-8	1.6399999857E0	2460957.697858796455	1.4E-8	8.3E-9	1.66E-8	2.3199999332E0
2460957.697962963022	1.71E-8	1.07E-8	1.71E-8	1.7199999094E0	2460957.697962963022	1.4E-8	1.11E-8	1.73E-8	1.9599999189E0
2460957.698009259067	1.69E-8	1.03E-8	1.54E-8	1.4199999571E0	2460957.698009259067	2.16E-8	6.6E-9	2.12E-8	1.3599998951E0
2460957.698055555578	1.6E-8	6.3E-9	2.71E-8	1.7599998713E0	2460957.698055555578	1.91E-8	1.28E-8	1.54E-8	1.2599998713E0
2460957.698113426100	1.68E-8	9.1E-9	1.65E-8	3.0399999619E0	2460957.698113426100	1.88E-8	1.28E-8	2.12E-8	2.5399999619E0
2460957.698159722146	1.83E-8	8.1E-9	1.97E-8	2.9399998188E0	2460957.698159722146	1.42E-8	8.9E-9	1.5E-8	2.7799999714E0
2460957.698252314702	2.03E-8	1.06E-8	2.13E-8	3.1199998856E0	2460957.698252314702	1.87E-8	5.1E-9	2.19E-8	2.379999876E0
2460957.698356481269	1.58E-8	1.17E-8	1.87E-8	2.4399998188E0	2460957.698356481269	1.65E-8	8.0E-9	2.1E-8	1.7799998522E0
2460957.698506944347	1.89E-8	6.6E-9	3.24E-8	1.7399998903E0	2460957.698506944347	1.34E-8	1.0E-8	1.88E-8	1.2599998713E0
2460957.698553240858	1.82E-8	9.6E-9	2.38E-8	2.2599999905E0	2460957.698553240858	1.96E-8	6.5E-9	1.91E-8	2.1999998093E0
2460957.698657407425	1.68E-8	6.9E-9	1.25E-8	1.4199999571E0	2460957.698657407425	1.62E-8	6.8E-9	1.71E-8	1.6799999475E0
2460957.698703703471	1.88E-8	9.8E-9	1.65E-8	2.0799999237E0	2460957.698703703471	1.58E-8	1.42E-8	1.17E-8	1.9999998808E0
2460957.698807870504	1.8E-8	1.36E-8	2.48E-8	1.7999999523E0	2460957.698807870504	1.86E-8	8.3E-9	2.21E-8	1.2599998713E0
2460957.698854166549	1.94E-8	1.02E-8	1.96E-8	1.4799998999E0	2460957.698854166549	1.54E-8	9.3E-9	2.17E-8	1.6799999475E0
2460957.698946759105	1.44E-8	5.3E-9	2.04E-8	2.6199998856E0	2460957.698946759105	1.68E-8	4.2E-9	2.46E-8	1.6199998856E0
2460957.699004629627	1.94E-8	1.02E-8	2.23E-8	3.8999998569E0	2460957.699004629627	1.85E-8	9.8E-9	2.36E-8	2.5199999809E0
2460957.699050926138	1.81E-8	8.2E-9	2.34E-8	1.5599999428E0	2460957.699050926138	1.4E-8	5.2E-9	2.77E-8	1.3199999332E0
2460957.699097222183	1.89E-8	7.5E-9	2.18E-8	2.379999876E0	2460957.699097222183	1.71E-8	1.29E-8	2.04E-8	1.1799999475E0
2460957.699155092705	1.69E-8	8.8E-9	2.45E-8	2.1999998093E0	2460957.699155092705	1.55E-8	7.0E-9	1.68E-8	2.0999999046E0
2460957.699351851828	2.04E-8	8.5E-9	2.1E-8	1.6399999857E0	2460957.699351851828	1.91E-8	1.2E-8	2.28E-8	1.4999998808E0
2460957.699444444384	1.69E-8	1.16E-8	2.14E-8	1.879999876E0	2460957.699444444384	1.56E-8	1.11E-8	2.3E-8	2.2400000095E0
2460957.699502314907	1.69E-8	6.8E-9	2.16E-8	2.0199999809E0	2460957.699502314907	1.62E-8	9.1E-9	1.77E-8	2.8999998569E0
2460957.699594907463	1.92E-8	9.8E-9	2.29E-8	3.6999998093E0	2460957.699594907463	1.87E-8	8.0E-9	1.75E-8	1.879999876E0
2460957.699652777985	1.58E-8	6.1E-9	2.72E-8	1.9999998808E0	2460957.699652777985	1.53E-8	8.6E-9	1.63E-8	1.4799998999E0
2460957.699745370541	1.59E-8	1.21E-8	2.41E-8	1.4799998999E0	2460957.699745370541	2.06E-8	8.1E-9	2.35E-8	1.0E0
2460957.699791666586	1.81E-8	5.9E-9	2.34E-8	2.5399999619E0	2460957.699791666586	1.75E-8	8.7E-9	2.32E-8	2.6799998283E0
2460957.699942129664	1.88E-8	9.6E-9	2.3E-8	3.8599998951E0	2460957.699942129664	1.76E-8	5.6E-9	1.93E-8	1.2999999523E0
2460957.700046296231	1.75E-8	8.0E-9	2.11E-8	1.8799999952E0	2460957.700046296231	1.61E-8	7.5E-9	2.24E-8	1.1599999666E0
2460957.700092592742	1.6E-8	5.0E-9	2.75E-8	2.4399998188E0	2460957.700092592742	1.57E-8	1.08E-8	1.85E-8	2.5399999619E0
2460957.700243055355	2.03E-8	7.5E-9	2.39E-8	3.3999998569E0	2460957.700243055355	9.3E-9	9.1E-9	2.15E-8	1.9199999571E0
2460957.700578703545	1.81E-8	1.47E-8	1.67E-8	2.1999998093E0	2460957.700578703545	1.74E-8	8.5E-9	1.91E-8	1.4800000191E0
2460957.700833333191	1.64E-8	8.5E-9	2.52E-8	2.1599998474E0	2460957.700833333191	1.86E-8	7.1E-9	2.28E-8	1.2399998903E0
2460957.700879629701	1.69E-8	8.0E-9	2.06E-8	1.6599999666E0	2460957.700879629701	1.9E-8	9.1E-9	1.76E-8	1.3599998951E0
2460957.700925925747	1.97E-8	8.8E-9	1.96E-8	3.6999998093E0	2460957.700925925747	1.82E-8	7.8E-9	1.8E-8	3.6199998856E0
2460957.701030092780	2.02E-8	4.9E-9	2.25E-8	1.6399999857E0	2460957.701030092780	1.47E-8	4.8E-9	1.56E-8	1.5599999428E0
2460957.701076388825	1.81E-8	9.2E-9	2.19E-8	2.2200000286E0	2460957.701076388825	1.34E-8	1.1E-8	1.56E-8	3.2799999714E0
2460957.701180555392	2.05E-8	8.7E-9	2.07E-8	2.7599999905E0	2460957.701180555392	1.62E-8	8.2E-9	1.64E-8	1.939999938E0
2460957.701226851903	2.07E-8	5.0E-9	2.01E-8	2.6399998665E0	2460957.701226851903	1.84E-8	1.15E-8	1.67E-8	1.4599999189E0
2460957.701273147948	1.93E-8	1.19E-8	1.83E-8	2.9799997807E0	2460957.701273147948	1.51E-8	1.25E-8	1.93E-8	2.1799998283E0
2460957.701377314981	1.58E-8	7.2E-9	2.69E-8	1.5399999619E0	2460957.701377314981	1.58E-8	1.24E-8	1.84E-8	2.0999999046E0
2460957.701469907537	1.73E-8	6.8E-9	1.7E-8	2.5599999428E0	2460957.701469907537	2.02E-8	9.3E-9	1.82E-8	3.9799997807E0
2460957.701574074104	2.07E-8	1.16E-8	1.56E-8	1.3999999762E0	2460957.701574074104	1.28E-8	7.9E-9	2.11E-8	3.2199997902E0
2460957.701770833228	1.69E-8	8.6E-9	2.8E-8	3.1799998283E0	2460957.701770833228	1.49E-8	6.8E-9	1.67E-8	1.2799999714E0
2460957.701863425784	1.69E-8	1.2E-8	1.62E-8	2.379999876E0	2460957.701863425784	1.37E-8	7.4E-9	2.01E-8	2.2799999714E0
2460957.701921296306	1.74E-8	9.5E-9	1.84E-8	1.9199999571E0	2460957.701921296306	1.8E-8	7.4E-9	2.27E-8	1.6599999666E0
2460957.701967592817	1.75E-8	6.3E-9	1.75E-8	2.6199998856E0	2460957.701967592817	2.03E-8	1.16E-8	1.97E-8	2.4399998188E0
2460957.702071759384	1.47E-8	8.1E-9	2.48E-8	1.6399999857E0	2460957.702071759384	1.84E-8	1.1E-8	1.9E-8	1.8199999332E0
2460957.702210647985	1.6E-8	7.9E-9	2.08E-8	2.1199998856E0	2460957.702210647985	1.1E-8	1.09E-8	2.17E-8	1.6199998856E0
2460957.702314815018	1.98E-8	7.7E-9	2.33E-8	2.1199998856E0	2460957.702314815018	1.46E-8	7.8E-9	2.31E-8	1.0799999237E0
2460957.702407407574	1.93E-8	1.07E-8	2.39E-8	2.3399999142E0	2460957.702407407574	1.38E-8	8.9E-9	1.86E-8	2.1999998093E0
2460957.702511574142	1.52E-8	5.5E-9	2.59E-8	1.6599999666E0	2460957.702511574142	1.72E-8	9.7E-9	1.85E-8	2.3399999142E0
2460957.702615740709	1.9E-8	8.7E-9	2.42E-8	3.4599997997E0	2460957.702615740709	1.77E-8	8.5E-9	2.27E-8	3.0399999619E0
2460957.702708333265	1.76E-8	1.31E-8	2.46E-8	1.379999876E0	2460957.702708333265	1.81E-8	7.1E-9	2.26E-8	1.0799999237E0
2460957.702754629776	1.47E-8	7.2E-9	1.82E-8	1.939999938E0	2460957.702754629776	1.7E-8	1.01E-8	1.98E-8	1.379999876E0
2460957.702858796343	1.96E-8	9.1E-9	2.27E-8	3.3599998951E0	2460957.702858796343	1.59E-8	1.03E-8	2.1E-8	1.9599999189E0
2460957.702962962911	1.83E-8	8.7E-9	2.15E-8	1.8999999762E0	2460957.702962962911	1.56E-8	1.2E-8	1.62E-8	1.7599998713E0
2460957.703055555467	1.9E-8	1.0E-8	2.15E-8	1.9199999571E0	2460957.703055555467	1.79E-8	1.2E-8	1.57E-8	1.7199999094E0
2460957.703101851977	1.84E-8	5.5E-9	2.67E-8	1.4199999571E0	2460957.703101851977	1.64E-8	8.1E-9	1.84E-8	1.439999938E0
2460957.703206018545	2.06E-8	5.2E-9	1.93E-8	2.1799998283E0	2460957.703206018545	1.59E-8	1.02E-8	2.2E-8	1.6199998856E0
2460957.703402777668	1.44E-8	6.9E-9	2.47E-8	1.9599999189E0	2460957.703402777668	1.47E-8	1.11E-8	1.65E-8	2.3199999332E0
2460957.703506944235	1.75E-8	1.0E-8	2.27E-8	1.6399999857E0	2460957.703506944235	1.65E-8	9.5E-9	1.57E-8	1.6199998856E0
2460957.703599537257	1.76E-8	8.2E-9	1.3E-8	1.7199999094E0	2460957.703599537257	1.73E-8	8.4E-9	2.17E-8	2.1199998856E0
2460957.703796296380	1.47E-8	5.4E-9	2.63E-8	2.0999999046E0	2460957.703796296380	1.76E-8	1.25E-8	2.13E-8	1.1799999475E0
2460957.703842592426	1.64E-8	7.8E-9	2.92E-8	1.379999876E0	2460957.703842592426	1.78E-8	7.3E-9	2.03E-8	2.0E0
2460957.703900462948	1.54E-8	1.11E-8	1.45E-8	2.7400000095E0	2460957.703900462948	1.84E-8	7.5E-9	1.95E-8	2.9999997616E0
2460957.703946759459	1.95E-8	4.1E-9	2.4E-8	1.5999999046E0	2460957.703946759459	1.17E-8	1.21E-8	2.28E-8	1.3400000334E0
2460957.703993055504	1.65E-8	6.2E-9	2.41E-8	2.7199997902E0	2460957.703993055504	1.36E-8	8.3E-9	2.19E-8	2.0199999809E0
2460957.704050926026	1.89E-8	9.8E-9	2.09E-8	2.0399999619E0	2460957.704050926026	2.28E-8	5.2E-9	1.65E-8	1.2999999523E0
2460957.704143518582	1.83E-8	5.3E-9	1.92E-8	1.5199999809E0	2460957.704143518582	1.52E-8	7.7E-9	2.1E-8	2.3399999142E0
2460957.704189814627	1.64E-8	8.1E-9	2.14E-8	1.7599998713E0	2460957.704189814627	1.33E-8	1.32E-8	2.08E-8	1.9599999189E0
2460957.704247685149	1.72E-8	1.21E-8	2.56E-8	2.7599999905E0	2460957.704247685149	1.61E-8	8.8E-9	1.97E-8	1.879999876E0
2460957.704386574216	1.9E-8	1.0E-8	2.53E-8	1.7999999523E0	2460957.704386574216	1.37E-8	9.5E-9	2.17E-8	1.3399999142E0
2460957.704444444273	1.93E-8	9.0E-9	2.07E-8	1.879999876E0	2460957.704444444273	1.89E-8	9.2E-9	1.79E-8	1.7799998522E0
2460957.704583333340	1.54E-8	6.1E-9	2.21E-8	2.3399999142E0	2460957.704583333340	1.26E-8	1.21E-8	1.79E-8	1.6799999475E0
2460957.704733796418	1.46E-8	1.5E-8	1.25E-8	1.6599999666E0	2460957.704733796418	1.69E-8	7.2E-9	1.2E-8	1.3999998569E0
2460957.704976852052	1.61E-8	5.7E-9	2.12E-8	1.7799999714E0	2460957.704976852052	1.71E-8	8.1E-9	2.24E-8	1.5399999619E0
2460957.705173611175	1.86E-8	9.7E-9	2.85E-8	1.7399998903E0	2460957.705173611175	1.99E-8	9.1E-9	1.79E-8	1.6399998665E0
2460957.705231481697	1.97E-8	9.4E-9	1.93E-8	1.5399999619E0	2460957.705231481697	1.59E-8	7.9E-9	2.27E-8	1.7799999714E0
2460957.705370370299	1.51E-8	1.3E-8	2.08E-8	2.5199999809E0	2460957.705370370299	1.76E-8	1.01E-8	2.18E-8	1.939999938E0
2460957.705520833377	1.51E-8	1.03E-8	2.16E-8	2.5199999809E0	2460957.705520833377	1.96E-8	9.5E-9	1.68E-8	1.439999938E0
2460957.705567129422	1.89E-8	6.0E-9	1.61E-8	2.2599999905E0	2460957.705567129422	1.68E-8	7.1E-9	1.3E-8	1.5599999428E0
2460957.705624999944	1.52E-8	7.1E-9	2.13E-8	1.5599999428E0	2460957.705624999944	1.96E-8	1.43E-8	1.61E-8	2.2999999523E0
2460957.705717592500	2.03E-8	9.0E-9	2.27E-8	1.8399999142E0	2460957.705717592500	1.77E-8	7.9E-9	1.96E-8	1.7199999094E0
2460957.705763889011	2.08E-8	6.8E-9	2.52E-8	2.4800000191E0	2460957.705763889011	1.83E-8	5.9E-9	1.87E-8	2.4599997997E0
2460957.705821759067	1.7E-8	7.5E-9	1.31E-8	2.0199999809E0	2460957.705821759067	1.7E-8	9.8E-9	2.0E-8	1.3599998951E0
2460957.705868055578	1.75E-8	7.4E-9	2.58E-8	1.3199999332E0	2460957.705868055578	1.43E-8	8.4E-9	1.28E-8	1.560000062E0
2460957.705914351624	1.65E-8	8.9E-9	2.13E-8	1.8399999142E0	2460957.705914351624	1.75E-8	9.7E-9	2.24E-8	1.5799999237E0
2460957.705972222146	1.98E-8	1.44E-8	1.82E-8	1.4799998999E0	2460957.705972222146	1.59E-8	7.5E-9	1.27E-8	3.0999999046E0
2460957.706018518656	1.83E-8	1.13E-8	1.2E-8	1.6599999666E0	2460957.706018518656	1.43E-8	9.7E-9	1.15E-8	2.0999999046E0
2460957.706064814702	1.74E-8	8.9E-9	2.27E-8	2.6399998665E0	2460957.706064814702	1.75E-8	7.2E-9	2.2E-8	2.9799997807E0
2460957.706111111213	1.75E-8	6.7E-9	2.22E-8	1.7399998903E0	2460957.706111111213	1.71E-8	9.5E-9	1.77E-8	3.0399999619E0
2460957.706168981269	1.68E-8	1.02E-8	2.49E-8	1.6599999666E0	2460957.706168981269	1.38E-8	8.8E-9	2.01E-8	1.439999938E0
2460957.706412036903	1.86E-8	9.7E-9	1.74E-8	1.7399998903E0	2460957.706412036903	2.02E-8	1.03E-8	1.81E-8	1.6599999666E0
2460957.706655092537	2.01E-8	5.6E-9	2.43E-8	1.3399999142E0	2460957.706655092537	1.81E-8	1.03E-8	2.14E-8	3.759999752E0
2460957.706759259105	1.96E-8	7.6E-9	1.86E-8	3.1399998665E0	2460957.706759259105	1.51E-8	1.04E-8	2.31E-8	2.5799999237E0
2460957.706805555616	1.6E-8	6.4E-9	2.04E-8	2.6999998093E0	2460957.706805555616	1.51E-8	1.1E-8	2.36E-8	1.3599998951E0
2460957.706956018694	1.83E-8	9.6E-9	1.86E-8	3.0E0	2460957.706956018694	1.51E-8	1.08E-8	2.53E-8	1.4799998999E0
2460957.707002314739	2.06E-8	8.5E-9	2.11E-8	1.939999938E0	2460957.707002314739	1.35E-8	9.7E-9	1.76E-8	1.2399998903E0
2460957.707060185261	1.69E-8	8.8E-9	2.62E-8	2.5799999237E0	2460957.707060185261	1.94E-8	5.3E-9	1.63E-8	1.379999876E0
2460957.707152777817	2.01E-8	6.4E-9	2.28E-8	2.2200000286E0	2460957.707152777817	1.68E-8	1.03E-8	2.0E-8	2.1999998093E0
2460957.707199073862	1.66E-8	6.9E-9	1.64E-8	1.5199999809E0	2460957.707199073862	1.38E-8	1.0E-8	2.04E-8	1.6599999666E0
2460957.707303240895	1.92E-8	7.3E-9	1.71E-8	1.1999999285E0	2460957.707303240895	1.46E-8	8.5E-9	2.38E-8	1.379999876E0
2460957.707349536940	1.84E-8	9.7E-9	1.63E-8	1.9799998999E0	2460957.707349536940	1.33E-8	7.6E-9	2.1E-8	1.1799999475E0
2460957.707407407463	1.86E-8	8.0E-9	2.13E-8	2.379999876E0	2460957.707407407463	1.82E-8	7.7E-9	1.67E-8	1.8400000334E0
2460957.707453703508	1.75E-8	6.4E-9	2.24E-8	3.6999998093E0	2460957.707453703508	1.74E-8	7.2E-9	1.82E-8	2.3599998951E0
2460957.707557870541	1.87E-8	7.2E-9	2.36E-8	1.3199999332E0	2460957.707557870541	1.83E-8	7.6E-9	1.82E-8	1.5199998617E0
2460957.707604166586	1.7E-8	6.3E-9	1.71E-8	1.2399998903E0	2460957.707604166586	1.33E-8	9.3E-9	1.83E-8	2.2400000095E0
2460957.707650463097	1.66E-8	6.8E-9	2.91E-8	1.7599998713E0	2460957.707650463097	1.79E-8	7.3E-9	2.16E-8	2.0399999619E0
2460957.707800925709	1.66E-8	1.22E-8	2.07E-8	1.6399999857E0	2460957.707800925709	1.32E-8	1.16E-8	1.98E-8	1.2599998713E0
2460957.707847222220	1.47E-8	5.3E-9	2.56E-8	2.1999998093E0	2460957.707847222220	2.3E-8	1.01E-8	2.26E-8	1.4800000191E0
2460957.707905092742	2.05E-8	7.5E-9	1.74E-8	2.8199999332E0	2460957.707905092742	1.62E-8	1.06E-8	2.22E-8	1.439999938E0
2460957.707951388787	1.92E-8	1.06E-8	2.14E-8	2.1799998283E0	2460957.707951388787	1.41E-8	9.7E-9	1.97E-8	2.1999998093E0
2460957.707997685298	2.23E-8	1.14E-8	1.74E-8	2.7799999714E0	2460957.707997685298	2.04E-8	9.7E-9	2.23E-8	2.2999999523E0
2460957.708101851866	1.62E-8	6.5E-9	1.87E-8	2.6599998474E0	2460957.708101851866	1.93E-8	6.7E-9	1.67E-8	1.3999998569E0
2460957.708148148376	1.44E-8	7.1E-9	3.25E-8	2.0999999046E0	2460957.708148148376	1.86E-8	8.2E-9	2.08E-8	1.6799999475E0
2460957.708194444422	1.68E-8	8.9E-9	2.47E-8	1.4599999189E0	2460957.708194444422	1.45E-8	6.7E-9	2.63E-8	1.4600000381E0
2460957.708344907500	1.8E-8	8.9E-9	2.13E-8	2.0999999046E0	2460957.708344907500	1.33E-8	1.15E-8	2.16E-8	2.1999998093E0
2460957.708391203545	1.61E-8	1.44E-8	2.15E-8	2.7399997711E0	2460957.708391203545	1.65E-8	8.6E-9	1.89E-8	1.5399999619E0
2460957.708449074067	1.56E-8	1.12E-8	2.66E-8	1.879999876E0	2460957.708449074067	1.62E-8	1.0E-8	1.71E-8	1.7399998903E0
2460957.708495370578	1.74E-8	6.4E-9	3.08E-8	1.7199999094E0	2460957.708495370578	1.35E-8	1.06E-8	1.87E-8	1.6399998665E0
2460957.708541666623	1.47E-8	1.16E-8	2.16E-8	2.1599998474E0	2460957.708541666623	1.64E-8	9.0E-9	1.99E-8	3.5599999428E0
2460957.708599537145	1.65E-8	1.03E-8	2.63E-8	1.9799998999E0	2460957.708599537145	1.95E-8	8.0E-9	1.74E-8	1.6199998856E0
2460957.708692129701	1.67E-8	8.5E-9	2.66E-8	1.5399999619E0	2460957.708692129701	1.79E-8	8.9E-9	1.76E-8	1.3000000715E0
2460957.708842592780	1.77E-8	7.1E-9	2.21E-8	1.5399999619E0	2460957.708842592780	1.8E-8	7.8E-9	2.13E-8	1.6799999475E0
2460957.708888888825	1.85E-8	6.9E-9	2.28E-8	1.6599999666E0	2460957.708888888825	1.62E-8	7.3E-9	2.11E-8	1.5800000429E0
2460957.709039351903	1.63E-8	9.1E-9	2.26E-8	2.3999998569E0	2460957.709039351903	1.58E-8	7.3E-9	2.16E-8	2.2199997902E0
2460957.709236111026	1.69E-8	6.9E-9	2.18E-8	2.1199998856E0	2460957.709236111026	1.82E-8	8.2E-9	1.68E-8	1.3199999332E0
2460957.709386574104	2.1E-8	1.11E-8	2.14E-8	2.2199997902E0	2460957.709386574104	1.31E-8	8.2E-9	2.15E-8	1.5399999619E0
2460957.709432870150	1.69E-8	1.09E-8	1.97E-8	1.6999999285E0	2460957.709432870150	1.32E-8	8.5E-9	2.29E-8	1.4199999571E0
2460957.709537037183	1.81E-8	8.5E-9	2.31E-8	3.0E0	2460957.709537037183	1.19E-8	1.03E-8	1.95E-8	2.0599999428E0
2460957.709583333228	1.77E-8	6.4E-9	2.44E-8	1.5399999619E0	2460957.709583333228	1.65E-8	1.03E-8	2.63E-8	1.6000000238E0
2460957.709780092817	1.96E-8	1.57E-8	2.13E-8	1.1399999857E0	2460957.709780092817	1.46E-8	9.7E-9	1.5E-8	1.8199999332E0
2460957.709884259384	2.09E-8	8.9E-9	2.33E-8	2.4599997997E0	2460957.709884259384	1.89E-8	6.9E-9	1.76E-8	2.2599999905E0
2460957.710219907574	1.9E-8	8.9E-9	2.46E-8	1.5799999237E0	2460957.710219907574	1.79E-8	1.11E-8	2.51E-8	1.3999998569E0
2460957.710277777631	1.9E-8	5.9E-9	2.4E-8	2.5399999619E0	2460957.710277777631	1.86E-8	9.5E-9	2.24E-8	3.879999876E0
2460957.710428240709	1.58E-8	7.8E-9	2.52E-8	2.2400000095E0	2460957.710428240709	1.68E-8	7.1E-9	1.79E-8	1.4799998999E0
2460957.710613425821	2.25E-8	5.8E-9	1.6E-8	1.8399999142E0	2460957.710613425821	1.63E-8	5.8E-9	2.54E-8	2.0399999619E0
2460957.710671296343	1.7E-8	9.4E-9	2.81E-8	1.5599999428E0	2460957.710671296343	1.62E-8	8.5E-9	1.91E-8	1.3999998569E0
2460957.710717592388	2.14E-8	7.5E-9	2.27E-8	1.7999999523E0	2460957.710717592388	1.79E-8	1.21E-8	2.01E-8	1.6799999475E0
2460957.710810185410	1.71E-8	8.9E-9	2.16E-8	1.8599998951E0	2460957.710810185410	1.58E-8	1.2E-8	2.06E-8	1.6200000048E0
2460957.710868055467	2.27E-8	7.5E-9	2.6E-8	2.0999999046E0	2460957.710868055467	1.74E-8	8.1E-9	2.26E-8	1.3399999142E0
2460957.711006944533	1.83E-8	6.1E-9	1.81E-8	1.5199999809E0	2460957.711006944533	1.27E-8	1.22E-8	1.75E-8	1.5199999809E0
2460957.711064814590	1.91E-8	6.0E-9	2.29E-8	4.0199999809E0	2460957.711064814590	1.4E-8	1.26E-8	1.64E-8	1.6799999475E0
2460957.711157407612	1.79E-8	8.9E-9	2.29E-8	3.0199999809E0	2460957.711157407612	1.25E-8	6.8E-9	2.49E-8	1.8399999142E0
2460957.711261574179	1.87E-8	6.1E-9	2.52E-8	1.5399999619E0	2460957.711261574179	1.88E-8	4.4E-9	1.3E-8	1.3399999142E0
2460957.711400462780	1.61E-8	9.0E-9	2.36E-8	1.4799998999E0	2460957.711400462780	1.95E-8	1.13E-8	1.8E-8	1.5799999237E0
2460957.711458333302	1.98E-8	6.3E-9	2.08E-8	3.0199999809E0	2460957.711458333302	1.56E-8	7.0E-9	1.25E-8	1.3399999142E0
2460957.711701388936	1.84E-8	1.19E-8	2.04E-8	2.1399998665E0	2460957.711701388936	2.03E-8	6.9E-9	2.55E-8	1.7799999714E0
2460957.711747684982	1.89E-8	8.8E-9	2.07E-8	2.2200000286E0	2460957.711747684982	1.34E-8	8.6E-9	1.27E-8	2.1199998856E0
2460957.711793981493	2.13E-8	1.02E-8	2.63E-8	1.9599999189E0	2460957.711793981493	1.6E-8	8.9E-9	1.56E-8	1.1199998856E0
2460957.711944444571	1.83E-8	1.03E-8	1.65E-8	2.2999999523E0	2460957.711944444571	1.77E-8	6.6E-9	2.91E-8	1.7199999094E0
2460957.711990740616	1.47E-8	8.0E-9	2.18E-8	2.0999999046E0	2460957.711990740616	1.58E-8	1.02E-8	2.21E-8	1.0999999046E0
2460957.712094907183	1.72E-8	1.12E-8	2.26E-8	2.3999998569E0	2460957.712094907183	1.35E-8	1.05E-8	2.16E-8	2.7199997902E0
2460957.712141203694	1.69E-8	1.42E-8	1.82E-8	1.7599998713E0	2460957.712141203694	1.64E-8	1.04E-8	1.99E-8	1.5599999428E0
2460957.712245370261	1.68E-8	1.0E-8	2.57E-8	1.879999876E0	2460957.712245370261	1.74E-8	5.6E-9	2.03E-8	1.5199998617E0
2460957.712291666772	1.68E-8	1.03E-8	1.65E-8	1.939999938E0	2460957.712291666772	2.01E-8	9.4E-9	1.68E-8	1.939999938E0
2460957.712442129850	1.84E-8	9.6E-9	2.08E-8	3.5999999046E0	2460957.712442129850	1.69E-8	5.9E-9	2.28E-8	2.4799997807E0
2460957.712488425896	2.07E-8	6.8E-9	1.95E-8	2.9199998379E0	2460957.712488425896	1.96E-8	7.4E-9	2.05E-8	2.879999876E0
2460957.712638888974	2.01E-8	4.4E-9	2.81E-8	1.5999999046E0	2460957.712638888974	1.45E-8	1.0E-8	2.05E-8	1.7999999523E0
2460957.712835648097	2.01E-8	9.6E-9	2.06E-8	3.6599998474E0	2460957.712835648097	1.9E-8	6.0E-9	1.82E-8	2.7799999714E0
2460957.712881944608	2.12E-8	9.1E-9	2.3E-8	1.2799999714E0	2460957.712881944608	1.9E-8	6.5E-9	2.3E-8	1.9199999571E0
2460957.712939814664	1.56E-8	6.6E-9	2.05E-8	1.6799999475E0	2460957.712939814664	1.72E-8	9.6E-9	2.2E-8	1.2599998713E0
2460957.713090277743	1.97E-8	5.3E-9	1.93E-8	1.2199999094E0	2460957.713090277743	1.38E-8	8.0E-9	2.27E-8	1.879999876E0
2460957.713136574253	1.84E-8	8.7E-9	2.15E-8	1.9599999189E0	2460957.713136574253	1.42E-8	9.1E-9	2.57E-8	1.7999999523E0
2460957.713182870299	1.46E-8	9.4E-9	2.1E-8	1.9199999571E0	2460957.713182870299	1.76E-8	1.1E-8	2.7E-8	2.1799998283E0
2460957.713333333377	1.69E-8	1.02E-8	2.06E-8	3.2599999905E0	2460957.713333333377	1.26E-8	8.6E-9	2.15E-8	1.6199998856E0
2460957.713379629422	1.88E-8	1.15E-8	1.94E-8	2.879999876E0	2460957.713379629422	1.41E-8	9.1E-9	1.67E-8	1.379999876E0
2460957.713437499944	1.86E-8	4.3E-9	1.71E-8	2.3399999142E0	2460957.713437499944	1.34E-8	8.0E-9	1.71E-8	1.879999876E0
2460957.713483796455	1.74E-8	6.8E-9	2.07E-8	1.8199999332E0	2460957.713483796455	1.94E-8	5.9E-9	1.86E-8	1.4199999571E0
2460957.713576389011	1.71E-8	7.9E-9	2.2E-8	2.7799999714E0	2460957.713576389011	1.38E-8	9.7E-9	2.31E-8	1.3600000143E0
2460957.713680555578	1.5E-8	1.29E-8	1.95E-8	1.5199999809E0	2460957.713680555578	1.46E-8	9.1E-9	2.27E-8	1.7599999905E0
2460957.713726851624	1.7E-8	7.6E-9	2.61E-8	1.6999999285E0	2460957.713726851624	1.83E-8	4.0E-9	1.58E-8	1.4799998999E0
2460957.713877314702	1.4E-8	1.08E-8	2.21E-8	3.5599999428E0	2460957.713877314702	1.3E-8	9.4E-9	2.32E-8	1.7399998903E0
2460957.713935185224	2.12E-8	8.5E-9	2.73E-8	2.0599999428E0	2460957.713935185224	2.4E-9	1.17E-8	1.86E-8	1.7799998522E0
2460957.714027777780	1.88E-8	5.7E-9	2.18E-8	2.5399999619E0	2460957.714027777780	1.67E-8	1.32E-8	2.08E-8	1.7599998713E0
2460957.714085648302	2.05E-8	9.7E-9	2.57E-8	3.0799999237E0	2460957.714085648302	1.58E-8	1.17E-8	1.71E-8	3.5199999809E0
2460957.714178240858	1.93E-8	7.9E-9	2.51E-8	2.0199999809E0	2460957.714178240858	1.21E-8	9.6E-9	1.79E-8	1.7199999094E0
2460957.714224536903	1.74E-8	8.5E-9	1.8E-8	1.8999999762E0	2460957.714224536903	1.53E-8	4.1E-9	1.9E-8	1.0799999237E0
2460957.714282407425	1.65E-8	5.8E-9	2.68E-8	2.5799999237E0	2460957.714282407425	1.84E-8	8.4E-9	1.96E-8	2.1999998093E0
2460957.714328703471	1.83E-8	1.14E-8	1.65E-8	2.3199999332E0	2460957.714328703471	1.85E-8	1.06E-8	2.36E-8	2.9399998188E0
2460957.714374999981	1.57E-8	5.3E-9	1.75E-8	2.5999999046E0	2460957.714374999981	2.0E-8	1.23E-8	1.73E-8	1.5800000429E0
2460957.714571759105	1.74E-8	8.9E-9	3.06E-8	1.7799999714E0	2460957.714571759105	1.68E-8	7.1E-9	1.72E-8	1.8399999142E0
2460957.714872685261	1.75E-8	1.08E-8	2.6E-8	1.9199999571E0	2460957.714872685261	1.42E-8	7.1E-9	1.65E-8	1.5E0
2460957.714918981306	1.59E-8	1.28E-8	2.17E-8	1.1799999475E0	2460957.714918981306	1.56E-8	6.5E-9	2.71E-8	2.5E0
2460957.714965277817	1.63E-8	1.23E-8	2.25E-8	1.439999938E0	2460957.714965277817	1.36E-8	9.4E-9	3.01E-8	2.0999999046E0
2460957.715011573862	1.91E-8	1.07E-8	2.1E-8	1.379999876E0	2460957.715011573862	1.61E-8	7.7E-9	1.99E-8	1.1999999285E0
2460957.715115740895	1.89E-8	9.7E-9	1.71E-8	1.879999876E0	2460957.715115740895	1.73E-8	6.8E-9	2.23E-8	1.2599998713E0
2460957.716365740635	1.84E-8	8.1E-9	1.66E-8	3.4799997807E0	2460957.716365740635	1.83E-8	1.17E-8	2.75E-8	3.2399997711E0
2460957.716851851903	1.99E-8	1.01E-8	1.35E-8	4.4400000572E0	2460957.716851851903	2.25E-8	1.05E-8	1.37E-8	4.3199996948E0
2460957.716944444459	1.79E-8	1.31E-8	2.11E-8	3.2399997711E0	2460957.716944444459	1.86E-8	7.1E-9	2.26E-8	2.6799998283E0
2460957.717199074104	1.68E-8	1.05E-8	2.66E-8	2.5199997425E0	2460957.717199074104	2.01E-8	8.3E-9	2.74E-8	2.1599998474E0
2460957.717303240672	1.99E-8	7.5E-9	2.03E-8	2.759999752E0	2460957.717303240672	1.85E-8	7.8E-9	2.48E-8	2.9999997616E0
2460957.717939815018	1.93E-8	1.09E-8	2.46E-8	3.7999999523E0	2460957.717939815018	1.53E-8	1.09E-8	1.46E-8	3.3599998951E0
2460957.718379629776	1.74E-8	1.12E-8	2.11E-8	2.7199997902E0	2460957.718379629776	1.73E-8	6.3E-9	2.87E-8	2.2399997711E0
2460957.718634259421	2.38E-8	6.2E-9	2.26E-8	2.5199997425E0	2460957.718634259421	2.51E-8	1.17E-8	1.28E-8	4.3599996567E0
2460957.718726851977	1.79E-8	6.6E-9	2.43E-8	3.0799999237E0	2460957.718726851977	1.52E-8	8.4E-9	1.21E-8	2.5199999809E0
2460957.719409722369	1.62E-8	5.4E-9	2.33E-8	2.7999997139E0	2460957.719409722369	1.33E-8	8.5E-9	2.27E-8	2.3199999332E0
2460957.719456018414	1.66E-8	8.2E-9	1.31E-8	2.3999998569E0	2460957.719456018414	1.87E-8	8.8E-9	1.7E-8	3.5999999046E0
2460957.719606481493	1.49E-8	8.3E-9	2.16E-8	2.7999997139E0	2460957.719606481493	1.86E-8	6.3E-9	2.01E-8	2.2399997711E0
2460957.720138888806	4.82E-8	1.13E-8	5.6E-9	4.720000267E0	2460957.720138888806	5.09E-8	1.24E-8	5.2E-9	4.5999999046E0
2460957.720196759328	1.92E-8	9.1E-9	2.58E-8	3.4399998188E0	2460957.720196759328	1.77E-8	6.6E-9	2.53E-8	3.6799998283E0
2460957.720393518452	2.96E-8	1.05E-8	1.03E-8	4.3999996185E0	2460957.720393518452	1.64E-8	1.01E-8	2.94E-8	3.0399999619E0
2460957.720682870597	1.97E-8	9.6E-9	2.26E-8	3.5599997044E0	2460957.720682870597	1.79E-8	8.6E-9	2.52E-8	2.879999876E0
2460957.720879629720	3.36E-8	1.13E-8	1.21E-8	4.720000267E0	2460957.720879629720	2.15E-8	1.08E-8	1.17E-8	4.2399997711E0
2460957.721076388843	1.94E-8	1.19E-8	1.81E-8	2.3199999332E0	2460957.721076388843	1.38E-8	9.9E-9	1.95E-8	2.3599998951E0
2460957.721284722444	1.81E-8	6.0E-9	2.08E-8	2.3999998569E0	2460957.721284722444	1.61E-8	9.2E-9	2.06E-8	2.3999998569E0
2460957.721620370168	1.85E-8	1.15E-8	2.07E-8	2.6799998283E0	2460957.721620370168	1.21E-8	1.19E-8	1.65E-8	2.0799999237E0
2460957.722013888881	2.57E-8	1.13E-8	1.17E-8	4.5599999428E0	2460957.722013888881	1.75E-8	8.6E-9	1.91E-8	3.9599997997E0
2460957.722662037238	1.69E-8	8.1E-9	1.99E-8	2.1199998856E0	2460957.722662037238	1.71E-8	8.1E-9	2.51E-8	2.3199999332E0
2460957.723055555485	2.35E-8	1.08E-8	1.26E-8	4.4800000191E0	2460957.723055555485	1.49E-8	9.5E-9	1.76E-8	3.6799998283E0
2460957.723101851996	1.75E-8	9.6E-9	1.73E-8	2.4799997807E0	2460957.723101851996	2.01E-8	7.3E-9	1.4E-8	2.0E0
2460957.723449074198	1.41E-8	5.8E-9	1.48E-8	2.3599998951E0	2460957.723449074198	1.24E-8	9.4E-9	2.33E-8	2.1199998856E0
2460957.723553240765	1.77E-8	6.1E-9	2.34E-8	2.3199999332E0	2460957.723553240765	1.5E-8	1.21E-8	2.41E-8	3.1199998856E0
2460957.723599536810	1.84E-8	7.0E-9	2.48E-8	3.1599998474E0	2460957.723599536810	1.74E-8	1.02E-8	1.72E-8	4.1599998474E0
2460957.723749999888	1.52E-8	1.41E-8	1.67E-8	2.4799997807E0	2460957.723749999888	1.47E-8	7.3E-9	2.11E-8	2.3199999332E0
2460957.723796296399	2.22E-8	8.9E-9	2.13E-8	2.4799997807E0	2460957.723796296399	2.03E-8	9.5E-9	1.8E-8	2.9199998379E0
2460957.724351851735	1.87E-8	8.2E-9	2.1E-8	2.879999876E0	2460957.724351851735	2.09E-8	1.25E-8	2.09E-8	2.3599998951E0
2460957.724444444291	1.39E-8	1.04E-8	1.61E-8	2.0799999237E0	2460957.724444444291	1.93E-8	7.3E-9	1.96E-8	2.9999997616E0
2460957.725486110896	2.03E-8	6.0E-9	1.77E-8	1.6999999285E0	2460957.725486110896	1.5E-8	4.5E-9	1.31E-8	1.6599999666E0
2460957.725532407407	2.03E-8	5.3E-9	2.37E-8	1.5199999809E0	2460957.725532407407	1.64E-8	9.8E-9	1.93E-8	1.1599999666E0
2460957.725636573974	1.68E-8	1.45E-8	2.0E-8	1.8199999332E0	2460957.725636573974	1.71E-8	7.6E-9	1.73E-8	1.7599999905E0
2460957.725729166530	1.62E-8	1.14E-8	2.27E-8	1.8399999142E0	2460957.725729166530	1.77E-8	1.02E-8	2.33E-8	1.6799999475E0
2460957.725879629608	1.78E-8	8.8E-9	2.14E-8	1.9799998999E0	2460957.725879629608	1.66E-8	1.28E-8	1.84E-8	2.2400000095E0
2460957.725983796176	2.02E-8	1.18E-8	1.97E-8	1.7999999523E0	2460957.725983796176	1.55E-8	4.4E-9	1.56E-8	1.3999998569E0
2460957.726076388732	1.73E-8	7.5E-9	2.38E-8	1.8399999142E0	2460957.726076388732	1.86E-8	1.15E-8	2.2E-8	1.7799999714E0
2460957.726226851810	1.88E-8	6.5E-9	2.32E-8	1.6199998856E0	2460957.726226851810	1.47E-8	8.6E-9	1.71E-8	1.9799998999E0
2460957.726331018377	1.76E-8	5.5E-9	1.76E-8	1.2999999523E0	2460957.726331018377	1.65E-8	1.06E-8	2.21E-8	1.7999999523E0
2460957.726469907444	1.96E-8	9.1E-9	1.77E-8	1.4199999571E0	2460957.726469907444	1.93E-8	5.6E-9	1.16E-8	1.3999998569E0
2460957.726574074011	1.68E-8	7.6E-9	2.5E-8	1.8199999332E0	2460957.726574074011	1.42E-8	1.16E-8	1.79E-8	1.7799998522E0
2460957.726678240579	1.77E-8	1.01E-8	2.08E-8	1.8199999332E0	2460957.726678240579	1.51E-8	1.28E-8	1.69E-8	1.4999998808E0
2460957.726724537089	1.83E-8	9.5E-9	1.83E-8	3.3399999142E0	2460957.726724537089	1.76E-8	9.2E-9	1.79E-8	3.0999999046E0
2460957.726828703657	1.54E-8	8.3E-9	2.54E-8	2.2400000095E0	2460957.726828703657	1.82E-8	5.3E-9	2.18E-8	1.2199999094E0
2460957.727164351847	1.7E-8	8.6E-9	2.46E-8	2.9199998379E0	2460957.727164351847	1.83E-8	5.6E-9	2.37E-8	2.2400000095E0
2460957.727210648358	1.98E-8	9.9E-9	2.43E-8	1.7599998713E0	2460957.727210648358	1.53E-8	1.04E-8	1.84E-8	1.6399999857E0
2460957.727268518414	1.49E-8	1.01E-8	2.13E-8	2.0199999809E0	2460957.727268518414	1.96E-8	4.1E-9	1.53E-8	2.4799997807E0
2460957.727361110970	1.36E-8	8.2E-9	2.11E-8	1.6999999285E0	2460957.727361110970	1.47E-8	1.07E-8	2.25E-8	1.5799999237E0
2460957.727511574049	1.39E-8	1.2E-8	1.8E-8	1.3799999952E0	2460957.727511574049	1.32E-8	1.02E-8	2.03E-8	1.2599998713E0
2460957.727557870559	2.12E-8	9.0E-9	1.8E-8	2.0399999619E0	2460957.727557870559	1.59E-8	7.9E-9	2.43E-8	1.1399998665E0
2460957.727754629683	1.7E-8	8.6E-9	1.87E-8	1.379999876E0	2460957.727754629683	1.4E-8	7.4E-9	2.26E-8	1.1199998856E0
2460957.727800925728	1.66E-8	6.1E-9	1.56E-8	1.7399998903E0	2460957.727800925728	1.71E-8	7.7E-9	2.29E-8	1.3599998951E0
2460957.727905092761	1.65E-8	1.11E-8	2.39E-8	2.0399999619E0	2460957.727905092761	1.75E-8	6.3E-9	2.2E-8	1.5399999619E0
2460957.728055555373	1.58E-8	7.8E-9	2.51E-8	2.2599999905E0	2460957.728055555373	1.7E-8	7.0E-9	2.05E-8	2.0399999619E0
2460957.728344907518	2.19E-8	6.9E-9	2.19E-8	1.8399999142E0	2460957.728344907518	1.47E-8	9.7E-9	1.5E-8	1.4199999571E0
2460957.728402777575	2.19E-8	8.0E-9	2.21E-8	1.379999876E0	2460957.728402777575	1.68E-8	8.6E-9	1.54E-8	1.3599998951E0
2460957.728495370597	1.57E-8	1.1E-8	1.94E-8	2.6799998283E0	2460957.728495370597	1.94E-8	6.7E-9	1.52E-8	1.8999998569E0
2460957.728553240653	2.17E-8	8.6E-9	2.02E-8	1.5799999237E0	2460957.728553240653	1.64E-8	7.2E-9	2.11E-8	1.6200000048E0
2460957.728599537164	1.93E-8	5.9E-9	2.72E-8	2.1399998665E0	2460957.728599537164	1.69E-8	9.2E-9	1.26E-8	2.2999999523E0
2460957.728842592798	1.82E-8	1.06E-8	2.68E-8	1.379999876E0	2460957.728842592798	1.25E-8	1.2E-8	2.05E-8	2.2400000095E0
2460957.728946759365	1.94E-8	9.2E-9	2.82E-8	2.0399999619E0	2460957.728946759365	1.64E-8	1.05E-8	1.64E-8	1.6999999285E0
2460957.729039351922	1.8E-8	7.0E-9	2.52E-8	1.6599999666E0	2460957.729039351922	1.87E-8	9.0E-9	2.12E-8	2.2799999714E0
2460957.729189815000	2.02E-8	9.0E-9	2.24E-8	2.0199999809E0	2460957.729189815000	1.68E-8	1.2E-8	2.23E-8	1.3199999332E0
2460957.729293981567	1.58E-8	5.3E-9	1.79E-8	1.3399999142E0	2460957.729293981567	1.55E-8	9.8E-9	1.52E-8	1.8599998951E0
2460957.729340277612	1.87E-8	8.1E-9	1.97E-8	1.2799999714E0	2460957.729340277612	1.81E-8	7.2E-9	2.0E-8	1.4199999571E0
2460957.729444444645	1.75E-8	1.12E-8	2.07E-8	1.9199999571E0	2460957.729444444645	1.1E-8	7.8E-9	2.04E-8	1.8599998951E0
2460957.729490740690	1.9E-8	1.14E-8	2.06E-8	3.4799997807E0	2460957.729490740690	1.86E-8	7.1E-9	2.21E-8	2.0999999046E0
2460957.729629629757	2.29E-8	7.2E-9	2.26E-8	1.7799999714E0	2460957.729629629757	1.62E-8	7.2E-9	2.43E-8	1.9199999571E0
2460957.729733796325	2.21E-8	6.6E-9	2.18E-8	1.8599998951E0	2460957.729733796325	1.83E-8	8.5E-9	1.83E-8	1.6999999285E0
2460957.729826388881	2.19E-8	6.9E-9	1.96E-8	1.3999999762E0	2460957.729826388881	1.52E-8	8.5E-9	2.96E-8	1.6800000668E0
2460957.729884259403	1.93E-8	8.6E-9	2.52E-8	2.9799997807E0	2460957.729884259403	1.89E-8	1.19E-8	2.19E-8	1.4800000191E0
2460957.729930555448	1.6E-8	6.6E-9	2.14E-8	1.6799999475E0	2460957.729930555448	1.82E-8	9.8E-9	2.15E-8	2.5799999237E0
2460957.729976851959	1.73E-8	7.9E-9	2.64E-8	1.6799999475E0	2460957.729976851959	1.5E-8	6.4E-9	1.94E-8	1.3400000334E0
2460957.730127315037	1.7E-8	8.1E-9	2.7E-8	2.1799998283E0	2460957.730127315037	1.37E-8	1.13E-8	2.06E-8	1.6799999475E0
2460957.730231481604	2.25E-8	5.3E-9	1.79E-8	1.3599998951E0	2460957.730231481604	1.39E-8	8.4E-9	1.69E-8	1.2799999714E0
2460957.730277777649	2.01E-8	1.3E-8	2.15E-8	1.4999998808E0	2460957.730277777649	1.02E-8	1.04E-8	2.11E-8	2.0599999428E0
2460957.730381944217	1.67E-8	6.3E-9	1.6E-8	3.1999998093E0	2460957.730381944217	1.54E-8	1.04E-8	2.14E-8	1.7599998713E0
2460957.730428240728	1.68E-8	7.7E-9	3.07E-8	1.6599999666E0	2460957.730428240728	1.72E-8	9.0E-9	1.93E-8	2.4399998188E0
2460957.730474537238	1.75E-8	6.3E-9	1.65E-8	1.8599998951E0	2460957.730474537238	1.67E-8	9.8E-9	1.7E-8	1.1799999475E0
2460957.730578703806	1.6E-8	6.1E-9	3.56E-8	1.439999938E0	2460957.730578703806	1.78E-8	1.27E-8	1.84E-8	1.3599998951E0
2460957.730682870373	1.63E-8	1.21E-8	2.23E-8	2.4399998188E0	2460957.730682870373	1.37E-8	1.0E-8	1.78E-8	2.0399999619E0
2460957.730729166884	1.89E-8	8.8E-9	2.17E-8	2.2599999905E0	2460957.730729166884	1.73E-8	9.1E-9	2.36E-8	2.1599998474E0
2460957.730821759440	1.49E-8	9.8E-9	1.31E-8	1.8999999762E0	2460957.730821759440	1.16E-8	8.6E-9	1.35E-8	1.6599999666E0
2460957.730879629496	1.99E-8	6.4E-9	2.09E-8	1.6599999666E0	2460957.730879629496	2.09E-8	7.5E-9	2.03E-8	1.3799999952E0
2460957.731018518563	1.58E-8	7.6E-9	2.25E-8	1.9999998808E0	2460957.731018518563	1.66E-8	3.8E-9	1.86E-8	1.4799998999E0
2460957.731076389086	1.69E-8	7.7E-9	1.77E-8	1.9999998808E0	2460957.731076389086	1.88E-8	8.0E-9	2.11E-8	1.1799999475E0
2460957.731122685131	1.64E-8	7.7E-9	1.94E-8	2.379999876E0	2460957.731122685131	1.83E-8	1.13E-8	2.24E-8	1.5399999619E0
2460957.731168981642	1.56E-8	1.01E-8	2.26E-8	2.4800000191E0	2460957.731168981642	1.78E-8	7.4E-9	2.02E-8	1.9999998808E0
2460957.731226851698	1.91E-8	6.6E-9	2.21E-8	2.8999998569E0	2460957.731226851698	2.38E-8	1.05E-8	1.84E-8	1.0599999428E0
2460957.731273148209	1.82E-8	8.4E-9	2.07E-8	2.5999999046E0	2460957.731273148209	1.94E-8	1.02E-8	1.89E-8	2.1799998283E0
2460957.731319444254	1.94E-8	6.1E-9	1.73E-8	1.4199999571E0	2460957.731319444254	1.35E-8	7.9E-9	2.26E-8	1.9599999189E0
2460957.731423611287	1.23E-8	1.02E-8	1.81E-8	2.4800000191E0	2460957.731423611287	1.77E-8	8.2E-9	2.01E-8	1.5799999237E0
2460957.731469907332	1.68E-8	7.4E-9	2.71E-8	2.0199999809E0	2460957.731469907332	1.82E-8	9.5E-9	2.31E-8	1.379999876E0
2460957.731516203843	1.84E-8	1.17E-8	2.13E-8	3.5399999619E0	2460957.731516203843	1.66E-8	1.15E-8	1.93E-8	3.8199999332E0
2460957.731666666456	1.87E-8	1.27E-8	1.6E-8	2.379999876E0	2460957.731666666456	1.66E-8	7.8E-9	2.16E-8	1.7399998903E0
2460957.731770833489	1.95E-8	1.05E-8	2.05E-8	2.1799998283E0	2460957.731770833489	1.64E-8	8.8E-9	1.59E-8	1.7399998903E0
2460957.731817129534	1.9E-8	1.23E-8	2.06E-8	1.8199999332E0	2460957.731817129534	2.27E-8	9.2E-9	1.68E-8	1.1200000048E0
2460957.732060185168	1.97E-8	6.1E-9	2.26E-8	1.6999999285E0	2460957.732060185168	1.73E-8	1.14E-8	1.98E-8	3.2199997902E0
2460957.732164351735	1.81E-8	8.1E-9	1.35E-8	1.7799999714E0	2460957.732164351735	1.15E-8	7.3E-9	2.65E-8	1.5799999237E0
2460957.732314814813	1.96E-8	9.6E-9	1.91E-8	1.2999999523E0	2460957.732314814813	1.43E-8	1.04E-8	1.51E-8	1.2799999714E0
2460957.732361111324	1.57E-8	6.2E-9	2.56E-8	1.7799999714E0	2460957.732361111324	1.61E-8	9.4E-9	2.22E-8	3.0199999809E0
2460957.732407407369	1.4E-8	6.2E-9	2.17E-8	2.7999999523E0	2460957.732407407369	1.76E-8	7.2E-9	2.31E-8	2.6799998283E0
2460957.732511573937	1.87E-8	1.17E-8	1.68E-8	2.2599999905E0	2460957.732511573937	1.55E-8	1.41E-8	1.73E-8	1.6599999666E0
2460957.732754629571	1.64E-8	9.7E-9	2.11E-8	2.3399999142E0	2460957.732754629571	1.69E-8	6.6E-9	2.36E-8	1.5799999237E0
2460957.732800926082	1.78E-8	8.6E-9	3.0E-8	1.9799998999E0	2460957.732800926082	2.06E-8	1.0E-8	2.25E-8	1.5999999046E0
2460957.732858796138	1.63E-8	6.7E-9	2.64E-8	1.8599998951E0	2460957.732858796138	1.36E-8	9.2E-9	2.57E-8	1.5599999428E0
2460957.732951388694	1.78E-8	7.2E-9	2.19E-8	1.7199999094E0	2460957.732951388694	4.7E-9	6.3E-9	1.83E-8	1.2599999905E0
2460957.733055555727	1.47E-8	1.01E-8	2.05E-8	1.8399999142E0	2460957.733055555727	1.88E-8	1.04E-8	2.07E-8	2.9599997997E0
2460957.733148148283	1.77E-8	7.1E-9	2.21E-8	1.4999998808E0	2460957.733148148283	9.3E-9	1.06E-8	2.19E-8	1.5799999237E0
2460957.733206018340	1.77E-8	1.15E-8	2.04E-8	2.7599999905E0	2460957.733206018340	1.03E-8	8.2E-9	2.25E-8	2.2799999714E0
2460957.733356481418	1.91E-8	6.7E-9	1.66E-8	3.4800000191E0	2460957.733356481418	1.88E-8	8.0E-9	1.64E-8	3.4199998379E0
2460957.733645833563	1.33E-8	6.0E-9	2.14E-8	1.8599998951E0	2460957.733645833563	1.48E-8	4.9E-9	1.88E-8	1.0599999428E0
2460957.733703703620	1.27E-8	8.5E-9	2.21E-8	2.7400000095E0	2460957.733703703620	1.47E-8	7.0E-9	2.08E-8	1.6399998665E0
2460957.733993055765	1.99E-8	5.5E-9	2.58E-8	1.879999876E0	2460957.733993055765	1.62E-8	7.1E-9	2.76E-8	1.6999999285E0
2460957.734050925821	1.94E-8	8.8E-9	1.57E-8	2.5E0	2460957.734050925821	1.89E-8	9.7E-9	1.98E-8	2.7799999714E0
2460957.734143518377	1.89E-8	1.26E-8	2.05E-8	1.6599999666E0	2460957.734143518377	2.16E-8	7.4E-9	2.36E-8	1.2400000095E0
